sistema,zona_carga,clave,nombre,municipio
BCA,ENSENADA,07ACU-115,Acueducto La Mision,ENSENADA
BCA,ENSENADA,07AUE-115,Aguas Ensenada,ENSENADA
BCA,ENSENADA,07CIP-115,Cipres,ENSENADA
BCA,ENSENADA,07CME-115,Cemex,ENSENADA
BCA,ENSENADA,07COE-115,Colonet,ENSENADA
BCA,ENSENADA,07EDA-115,Ensenada,ENSENADA
BCA,ENSENADA,07ENT-115,Entronque San Felipe,ENSENADA
BCA,ENSENADA,07EPC-115,Cementera Punta China,ENSENADA
BCA,ENSENADA,07FMO-115,Fabrica Monterrey,ENSENADA
BCA,ENSENADA,07GLL-115,Gallo,ENSENADA
BCA,ENSENADA,07JAT-115,Jatay,ENSENADA
BCA,ENSENADA,07JOV-230,La Jovita,ENSENADA
BCA,ENSENADA,07LOS-115,Lomas,ENSENADA
BCA,ENSENADA,07MND-115,Maneadero,ENSENADA
BCA,ENSENADA,07ONG-69,Ojos Negros,ENSENADA
BCA,ENSENADA,07SAF-115,San Felipe,MEXICALI
BCA,ENSENADA,07SAZ-115,Sauzal,ENSENADA
BCA,ENSENADA,07SMA-115,Maniobras San Matias,ENSENADA
BCA,ENSENADA,07SMN-115,San Simon,ENSENADA
BCA,ENSENADA,07SQN-115,San Quintin,ENSENADA
BCA,ENSENADA,07SVE-115,San Vicente,ENSENADA
BCA,ENSENADA,07TRI-115,Valle de Trinidad,ENSENADA
BCA,ENSENADA,07VLP-69,Valle de Guadalupe,ENSENADA
BCA,MEXICALI,07APD-230,Aeropuerto Dos,MEXICALI
BCA,MEXICALI,07CFP-400,Puerto Peñasco 400kV,PUERTO PEÑASCO
BCA,MEXICALI,07CNT-230,Centenario,MEXICALI
BCA,MEXICALI,07CNZ-161,Carranza,MEXICALI
BCA,MEXICALI,07CPC-161,Cerro Prieto Cuatro,MEXICALI
BCA,MEXICALI,07CPD-230,Cerro Prieto Dos,MEXICALI
BCA,MEXICALI,07CPT-230,Cerro Prieto Tres,MEXICALI
BCA,MEXICALI,07CPU-161,Cerro Prieto Uno,MEXICALI
BCA,MEXICALI,07CRO-161,Centro,MEXICALI
BCA,MEXICALI,07CSC-230,Compañia Siderurgica California,MEXICALI
BCA,MEXICALI,07CTY-161,Cetys,MEXICALI
BCA,MEXICALI,07CTY-230,Cetys,MEXICALI
BCA,MEXICALI,07FEV-161,FEVISA,MEXICALI
BCA,MEXICALI,07GOR-161,Gonzalez Ortega,MEXICALI
BCA,MEXICALI,07GWY-161,Maniobras Gateway,MEXICALI
BCA,MEXICALI,07KCH-161,Cachanilla,MEXICALI
BCA,MEXICALI,07LMA-161,Libramiento Maniobras,MEXICALI
BCA,MEXICALI,07LMA-230,Libramiento Maniobras,MEXICALI
BCA,MEXICALI,07MCI-161,Combustion Interna Mexicali Oriente,MEXICALI
BCA,MEXICALI,07MCI-230,Combustion Interna Mexicali Oriente,MEXICALI
BCA,MEXICALI,07MOE-161,Mexican Oriente,MEXICALI
BCA,MEXICALI,07MXI-161,Mexicali Dos,MEXICALI
BCA,MEXICALI,07MXI-230,Mexicali Dos,MEXICALI
BCA,MEXICALI,07NZI-161,Nacozari,MEXICALI
BCA,MEXICALI,07OZA-230,Orizaba,MEXICALI
BCA,MEXICALI,07PKD-161,Packard,MEXICALI
BCA,MEXICALI,07RIN-161,Rio Nuevo,MEXICALI
BCA,MEXICALI,07ROA-230,Rosita,MEXICALI
BCA,MEXICALI,07RUM-69,Rumorosa,TECATE
BCA,MEXICALI,07SIS-161,Santa Isabel,MEXICALI
BCA,MEXICALI,07SKW-161,Skyworks,MEXICALI
BCA,MEXICALI,07STB-230,Sanchez Taboada,MEXICALI
BCA,MEXICALI,07TEK-230,Tecnologico,MEXICALI
BCA,MEXICALI,07TUG-161,Turbogas Gonzalez Ortega,MEXICALI
BCA,MEXICALI,07VPA-230,Valle de Puebla,MEXICALI
BCA,MEXICALI,07WIS-230,Wisteria,MEXICALI
BCA,MEXICALI,07XCO-230,Xochimilco,MEXICALI
BCA,SANLUIS,07CHQ-230,Chapultepec,SAN LUIS RIO COLORADO
BCA,SANLUIS,07CIA-230,Combustion Interna Altar,SAN LUIS RIO COLORADO
BCA,SANLUIS,07HGO-161,Hidalgo,SAN LUIS RIO COLORADO
BCA,SANLUIS,07LRC-230,Ciclo Combiando San Luis Rio Colorado,SAN LUIS RIO COLORADO
BCA,SANLUIS,07PID-161,Parque Industrial,SAN LUIS RIO COLORADO
BCA,SANLUIS,07PID-230,Parque Industrial,SAN LUIS RIO COLORADO
BCA,SANLUIS,07RZC-161,Ruiz Cortinez,MEXICALI
BCA,SANLUIS,07SRY-230,San Luis Rey,SAN LUIS RIO COLORADO
BCA,TIJUANA,07BJO-69,Bajio,TIJUANA
BCA,TIJUANA,07CAE-69,Carga particular en linea de transmision MEP-63720-DRA,TIJUANA
BCA,TIJUANA,07CES-69,Carga particular en linea de transmision MEP-63480-TJI,TIJUANA
BCA,TIJUANA,07CNA-69,Cardenas,TIJUANA
BCA,TIJUANA,07DRA-69,Durazno,TIJUANA
BCA,TIJUANA,07END-69,Encinal Dos,TECATE
BCA,TIJUANA,07ENL-69,Encinal,TECATE
BCA,TIJUANA,07FCO-69,Francisco Villa,TIJUANA
BCA,TIJUANA,07FIM-69,Fisher Maniobras,TIJUANA
BCA,TIJUANA,07FLO-69,El Florido,TIJUANA
BCA,TIJUANA,07FOR-69,Formosa,TIJUANA
BCA,TIJUANA,07FTA-69,Frontera,TIJUANA
BCA,TIJUANA,07GER-69,Guerrero,TIJUANA
BCA,TIJUANA,07HMO-69,Hipodromo,TIJUANA
BCA,TIJUANA,07HRA-69,Herradura,TIJUANA
BCA,TIJUANA,07HUN-69,Hunter,TIJUANA
BCA,TIJUANA,07INA-69,Industrial,TIJUANA
BCA,TIJUANA,07IOP-69,P. I. Otay Matamoros,TIJUANA
BCA,TIJUANA,07JOY-115,La Joya,PLAYAS DE ROSARITO
BCA,TIJUANA,07LGO-69,Lago,TIJUANA
BCA,TIJUANA,07LMS-69,La Mesa,TIJUANA
BCA,TIJUANA,07MAB-69,Mabamex,TIJUANA
BCA,TIJUANA,07MEP-230,Metropoli Potencia,TIJUANA
BCA,TIJUANA,07MEP-69,Metropoli Potencia,TIJUANA
BCA,TIJUANA,07MIS-230,Maniobras Parque Industrial Sur,TIJUANA
BCA,TIJUANA,07MSN-115,Mision,ENSENADA
BCA,TIJUANA,07MXC-69,Mexico,TIJUANA
BCA,TIJUANA,07NEL-69,Nellcor,TIJUANA
BCA,TIJUANA,07PAF-69,Pacifico,TIJUANA
BCA,TIJUANA,07PAP-69,Panamericana Potencia,TIJUANA
BCA,TIJUANA,07PJZ-115,Presidente Juarez,PLAYAS DE ROSARITO
BCA,TIJUANA,07PJZ-230,Presidente Juarez,PLAYAS DE ROSARITO
BCA,TIJUANA,07PNM-115,Panamericana,TIJUANA
BCA,TIJUANA,07PNU-115,Puerto Nuevo,PLAYAS DE ROSARITO
BCA,TIJUANA,07POP-115,Popotla,PLAYAS DE ROSARITO
BCA,TIJUANA,07RII-69,Rio,TIJUANA
BCA,TIJUANA,07RSI-69,RSI Home Product,TIJUANA
BCA,TIJUANA,07RUB-69,Rubi,TIJUANA
BCA,TIJUANA,07SED-69,SEDUE,TIJUANA
BCA,TIJUANA,07SHA-115,Sharp,TIJUANA
BCA,TIJUANA,07SIO-69,Seminario,TIJUANA
BCA,TIJUANA,07TCD-69,Tecate Dos,TECATE
BCA,TIJUANA,07TCT-69,Tecate,TECATE
BCA,TIJUANA,07TCU-69,Tecate Uno,TECATE
BCA,TIJUANA,07TEE-69,Tecolote,TIJUANA
BCA,TIJUANA,07TJD-69,Subestacion Tijuana,TIJUANA
BCA,TIJUANA,07TJI-69,Tijuana Uno,TIJUANA
BCA,TIJUANA,07TOY-230,Toyota,TECATE
BCA,TIJUANA,07UND-69,Universidad,TIJUANA
BCA,TIJUANA,07VAS-69,P. I. Valle Sur,TIJUANA
BCA,TIJUANA,07VIG-69,Carga particular en linea de transmision HMO-63240-INA,TIJUANA
BCA,TIJUANA,07VPM-69,Valle de Palmas,TECATE
BCA,No Aplica,07IVY-230,Imperial Valley,No Aplica
BCA,No Aplica,07OMS-230,Otay Mesa,No Aplica
BCS,CONSTITUCION,07DOM-115,Santo Domingo,COMONDU
BCS,CONSTITUCION,07GAO-115,Central Termica Gral. Agustin Olachea,COMONDU
BCS,CONSTITUCION,07INS-115,Insurgentes,COMONDU
BCS,CONSTITUCION,07LAP-115,Las Pilas,COMONDU
BCS,CONSTITUCION,07LRO-115,Loreto,LORETO
BCS,CONSTITUCION,07PES-115,Puerto Escondido,LORETO
BCS,CONSTITUCION,07VIO-115,Villa Constitucion,COMONDU
BCS,LA PAZ,07BLE-115,Bledales,LA PAZ
BCS,LA PAZ,07CAR-115,Camino Real,LA PAZ
BCS,LA PAZ,07COR-230,Coromuel,LA PAZ
BCS,LA PAZ,07ETR-115,El Triunfo,LA PAZ
BCS,LA PAZ,07LFI-115,Los Filos,LA PAZ
BCS,LA PAZ,07LPZ-115,La Paz,LA PAZ
BCS,LA PAZ,07OLA-115,Olas Altas,LA PAZ
BCS,LA PAZ,07PAA-115,Palmira,LA PAZ
BCS,LA PAZ,07PCH-115,Pichilingue,LA PAZ
BCS,LA PAZ,07PUP-115,Punta Prieta,LA PAZ
BCS,LA PAZ,07RCO-115,El Recreo,LA PAZ
BCS,LA PAZ,07RFO-115,Rofomex,LA PAZ
BCS,LOS CABOS,07ASJ-115,Aeropuerto San Jose del Cabo,LOS CABOS
BCS,LOS CABOS,07CAB-115,Cabo  Bello,LOS CABOS
BCS,LOS CABOS,07CAD-115,Cabo San Lucas Dos,LOS CABOS
BCS,LOS CABOS,07CAF-115,Cabo Falso,LOS CABOS
BCS,LOS CABOS,07CAS-115,Cabo del Sol,LOS CABOS
BCS,LOS CABOS,07CRE-115,Cabo Real,LOS CABOS
BCS,LOS CABOS,07DLC-115,Desaladora Los Cabos,LOS CABOS
BCS,LOS CABOS,07MOR-115,Monte Real,LOS CABOS
BCS,LOS CABOS,07PML-115,Palmilla,LOS CABOS
BCS,LOS CABOS,07SJC-115,San Jose del Cabo,LOS CABOS
BCS,LOS CABOS,07SNT-115,Santiago,LOS CABOS
BCS,LOS CABOS,07TCB-115,Turbogas Los Cabos,LOS CABOS
SIN,CENTRO ORIENTE,01AAN-85,Actopan,ACTOPAN
SIN,CENTRO ORIENTE,01ACS-230,Aceros Corsa,TLALNEPANTLA DE BAZ
SIN,CENTRO ORIENTE,01AFM-230,Aeropuerto Internacional Felipe Angeles Maniobras,ZUMPANGO
SIN,CENTRO ORIENTE,01ANL-85,Atotonilco,ATOTONILCO DE TULA
SIN,CENTRO ORIENTE,01CCZ-230,Cementera Cruz Azul,SANTIAGO DE ANAYA
SIN,CENTRO ORIENTE,01CEA-85,Cementos Apaxco,APAXCO
SIN,CENTRO ORIENTE,01CFZ-85,Cementos Fortaleza,SANTIAGO DE ANAYA
SIN,CENTRO ORIENTE,01CRM-85,Carmen,AHUAZOTEPEC
SIN,CENTRO ORIENTE,01DCA-85,Dos Carlos,MINERAL DE LA REFORMA
SIN,CENTRO ORIENTE,01HDG-85,Hidalgo,PACHUCA DE SOTO
SIN,CENTRO ORIENTE,01IRO-230,Irolo,TEPEAPULCO
SIN,CENTRO ORIENTE,01JAS-85,Jasso,TULA DE ALLENDE
SIN,CENTRO ORIENTE,01JRB-230,Jorobas,TULA DE ALLENDE
SIN,CENTRO ORIENTE,01JUA-85,Juando,TETEPANGO
SIN,CENTRO ORIENTE,01LFG-230,Lafarge,ATOTONILCO DE TULA
SIN,CENTRO ORIENTE,01NEC-85,Necaxa,HUAUCHINANGO
SIN,CENTRO ORIENTE,01NOC-115,Nochistongo,TULA DE ALLENDE
SIN,CENTRO ORIENTE,01OTM-230,Otumba Maniobras,OTUMBA
SIN,CENTRO ORIENTE,01PAC-85,Pachuca,PACHUCA DE SOTO
SIN,CENTRO ORIENTE,01PEM-230,Pemex Maniobras,TULA DE ALLENDE
SIN,CENTRO ORIENTE,01PIR-85,Parque Industrial Reforma,MINERAL DE LA REFORMA
SIN,CENTRO ORIENTE,01PQI-115,Parque Industrial,TEPEJI DEL RIO DE OCAMPO
SIN,CENTRO ORIENTE,01PTL-85,Patla,JUAN GALINDO
SIN,CENTRO ORIENTE,01PYG-230,Procter and Gamble,TULA DE ALLENDE
SIN,CENTRO ORIENTE,01RAT-230,Planta de Aguas Residuales Atotonilco,TEPEJI DEL RIO DE OCAMPO
SIN,CENTRO ORIENTE,01SAO-85,Salto,JUAN GALINDO
SIN,CENTRO ORIENTE,01STU-115,Santiago Tlautla,TEPEJI DEL RIO DE OCAMPO
SIN,CENTRO ORIENTE,01TCC-230,Tula Ciclo Combinado,TULA DE ALLENDE
SIN,CENTRO ORIENTE,01TEP-85,Tepexic,JUAN GALINDO
SIN,CENTRO ORIENTE,01TIZ-230,Tizayuca,TIZAYUCA
SIN,CENTRO ORIENTE,01TLG-85,Tulancingo,TULANCINGO DE BRAVO
SIN,CENTRO ORIENTE,01TLT-85,Tolteca,TULA DE ALLENDE
SIN,CENTRO ORIENTE,01TUL-230,Tula,TULA DE ALLENDE
SIN,CENTRO ORIENTE,01TUL-400,Tula,TULA DE ALLENDE
SIN,CENTRO ORIENTE,01VIT-85,Vito,ATOTONILCO DE TULA
SIN,CENTRO ORIENTE,01VTU-85,Valle Tulancingo,TULANCINGO DE BRAVO
SIN,CENTRO SUR,01AIN-115,Atlacomulco Industrial,ATLACOMULCO
SIN,CENTRO SUR,01ANM-115,Agustin Millan,VALLE DE BRAVO
SIN,CENTRO SUR,01ANU-115,Arcelia Nueva,ARCELIA
SIN,CENTRO SUR,01ANU-69,Arcelia Nueva,ARCELIA
SIN,CENTRO SUR,01ATM-115,Altamirano Dos,PUNGARABATO
SIN,CENTRO SUR,01ATU-115,Atlacomulco Mexico,ATLACOMULCO
SIN,CENTRO SUR,01AUO-115,Aculco,ACULCO
SIN,CENTRO SUR,01AVA-115,Avandaro,VALLE DE BRAVO
SIN,CENTRO SUR,01BBR-115,Santa Barbara,SANTO TOMAS
SIN,CENTRO SUR,01CCM-115,Cerro del Campo,AMATEPEC
SIN,CENTRO SUR,01CMO-115,Campo Morado,ARCELIA
SIN,CENTRO SUR,01COM-115,Comalco,TEMOAYA
SIN,CENTRO SUR,01CSN-115,Canchesda Nueva,TEMASCALCINGO
SIN,CENTRO SUR,01DOG-115,Donato Guerra,DONATO GUERRA
SIN,CENTRO SUR,01ECB-115,Subestacion Cuatro Bombeo,DONATO GUERRA
SIN,CENTRO SUR,01EDB-115,Subestacion Dos Bombeo,DONATO GUERRA
SIN,CENTRO SUR,01ELG-115,El Gallo,CUTZAMALA DE PINZON
SIN,CENTRO SUR,01ENB-115,Subestacion Cinco Bombeo,VILLA VICTORIA
SIN,CENTRO SUR,01ESB-115,Subestacion Seis Bombeo,VILLA DEL CARBON
SIN,CENTRO SUR,01ETB-115,Subestacion Tres Bombeo,DONATO GUERRA
SIN,CENTRO SUR,01EUB-115,Subestacion Uno Bombeo,VALLE DE BRAVO
SIN,CENTRO SUR,01FPG-115,San Felipe del Progreso,SAN FELIPE DEL PROGRESO
SIN,CENTRO SUR,01FRR-115,San Francisco de los Reyes,TLALPUJAHUA
SIN,CENTRO SUR,01HTM-115,Huetamo,HUETAMO
SIN,CENTRO SUR,01INU-115,Industrias Unidas,JOCOTITLAN
SIN,CENTRO SUR,01ITD-115,Ixtlahuaca Dos,IXTLAHUACA
SIN,CENTRO SUR,01IUN-115,Iusasol 1,JOCOTITLAN
SIN,CENTRO SUR,01IXS-115,Ixtapan de la Sal Mexico,IXTAPAN DE LA SAL
SIN,CENTRO SUR,01IXT-115,Ixtapantongo,SANTO TOMAS
SIN,CENTRO SUR,01JID-115,Jilotepec Industrial,JILOTEPEC
SIN,CENTRO SUR,01JIL-115,Jilotepec Mexico,JILOTEPEC
SIN,CENTRO SUR,01LAC-115,La Ceiba,SAN LUCAS
SIN,CENTRO SUR,01LES-115,La Estancia,ACAMBAY DE RUIZ CASTAÑEDA
SIN,CENTRO SUR,01MTI-115,Minera Tizapa,ZACAZONAPAN
SIN,CENTRO SUR,01NTG-115,Nutrigo,IXTLAHUACA
SIN,CENTRO SUR,01PDO-115,Papelera el Nevado,ALMOLOYA DE JUAREZ
SIN,CENTRO SUR,01PLO-115,Placeres del Oro,COYUCA DE CATALAN
SIN,CENTRO SUR,01PLZ-115,Palizada Mexico,SAN JOSE DEL RINCON
SIN,CENTRO SUR,01SMT-115,San Mateo,ALMOLOYA DE JUAREZ
SIN,CENTRO SUR,01SSE-115,San Sebastian,MORELOS
SIN,CENTRO SUR,01TIN-115,Tingambato,OTZOLOAPAN
SIN,CENTRO SUR,01TJP-115,Tejupilco Edo de Mexico,TEJUPILCO
SIN,CENTRO SUR,01TMA-115,Tres Marias,ZACAZONAPAN
SIN,CENTRO SUR,01TPA-115,Tlapehuala,TLAPEHUALA
SIN,CENTRO SUR,01TQC-115,Tiquicheo,TIQUICHEO DE NICOLAS ROMERO
SIN,CENTRO SUR,01TTT-115,Texcaltitlan,TEXCALTITLAN
SIN,CENTRO SUR,01VGU-115,Villa Guerrero,VILLA GUERRERO
SIN,CENTRO SUR,01YBC-115,Yebucibi,ALMOLOYA DE JUAREZ
SIN,CENTRO SUR,01ZIR-69,Zirandaro,ZIRANDARO
SIN,LAZARO CARDENAS,01AMM-230,Arcelor Mittal Maniobras,LAZARO CARDENAS
SIN,LAZARO CARDENAS,01ATG-69,Arteaga,LAZARO CARDENAS
SIN,LAZARO CARDENAS,01ATS-115,APM Terminals,LAZARO CARDENAS
SIN,LAZARO CARDENAS,01CAY-115,Cayacal,LAZARO CARDENAS
SIN,LAZARO CARDENAS,01CNA-69,Cardenas,ARTEAGA
SIN,LAZARO CARDENAS,01CSR-115,Carbon Ser,LAZARO CARDENAS
SIN,LAZARO CARDENAS,01GMY-115,Guacamaya,LAZARO CARDENAS
SIN,LAZARO CARDENAS,01ISO-115,San Isidro,LAZARO CARDENAS
SIN,LAZARO CARDENAS,01LCD-115,Lazaro Cardenas Distribucion,LAZARO CARDENAS
SIN,LAZARO CARDENAS,01LCP-230,Lazaro Cardenas Potencia,LAZARO CARDENAS
SIN,LAZARO CARDENAS,01LCP-400,Lazaro Cardenas Potencia,LAZARO CARDENAS
SIN,LAZARO CARDENAS,01MIR-115,Mina Real,LAZARO CARDENAS
SIN,LAZARO CARDENAS,01PIT-400,Pitirera,ARTEAGA
SIN,LAZARO CARDENAS,01PMT-115,Productora Mexicana de Tuberia,LAZARO CARDENAS
SIN,LAZARO CARDENAS,01PMX-115,PEMEX,LAZARO CARDENAS
SIN,LAZARO CARDENAS,01SCD-230,Sicartsa Dos,LAZARO CARDENAS
SIN,LAZARO CARDENAS,01VIL-230,Villita,LAZARO CARDENAS
SIN,VDM CENTRO,01ARA-85,Aragon,GUSTAVO A. MADERO
SIN,VDM CENTRO,01AUR-230,Aurora,CHIMALHUACAN
SIN,VDM CENTRO,01BUT-230,Buen Tono,CUAUHTEMOC
SIN,VDM CENTRO,01CDS-230,Condesa,CUAUHTEMOC
SIN,VDM CENTRO,01CHN-230,Chimalhuacan Movil,CHIMALHUACAN
SIN,VDM CENTRO,01CMC-230,Cuauhtemoc,CUAUHTEMOC
SIN,VDM CENTRO,01COY-230,Coyoacan,COYOACAN
SIN,VDM CENTRO,01CPG-230,Chapingo,TEXCOCO
SIN,VDM CENTRO,01CTD-230,Contadero,CUAJIMALPA DE MORELOS
SIN,VDM CENTRO,01DAA-230,Diana,BENITO JUAREZ
SIN,VDM CENTRO,01HTC-85,Huasteca,MIGUEL HIDALGO
SIN,VDM CENTRO,01INM-85,Industria Militar,NAUCALPAN DE JUAREZ
SIN,VDM CENTRO,01INN-85,Indianilla,CUAUHTEMOC
SIN,VDM CENTRO,01JAM-85,Jamaica,VENUSTIANO CARRANZA
SIN,VDM CENTRO,01KCR-230,Kilometro  0,CUAUHTEMOC
SIN,VDM CENTRO,01LAP-230,La Paz,LA PAZ
SIN,VDM CENTRO,01MER-230,Merced,CUAUHTEMOC
SIN,VDM CENTRO,01MGR-85,Milagros,NEZAHUALCOYOTL
SIN,VDM CENTRO,01MOS-230,Morales,MIGUEL HIDALGO
SIN,VDM CENTRO,01MOS-85,Morales,MIGUEL HIDALGO
SIN,VDM CENTRO,01MZA-85,Moctezuma,VENUSTIANO CARRANZA
SIN,VDM CENTRO,01NAR-230,Narvarte,BENITO JUAREZ
SIN,VDM CENTRO,01NET-85,Netzahualcoyotl,NEZAHUALCOYOTL
SIN,VDM CENTRO,01NON-85,Nonoalco,CUAUHTEMOC
SIN,VDM CENTRO,01PEN-230,Pensador,CUAUHTEMOC
SIN,VDM CENTRO,01PEV-230,Peralvillo,CUAUHTEMOC
SIN,VDM CENTRO,01PEX-85,Pemex,MIGUEL HIDALGO
SIN,VDM CENTRO,01PNT-85,Pantitlan,IZTACALCO
SIN,VDM CENTRO,01POO-230,Polanco,MIGUEL HIDALGO
SIN,VDM CENTRO,01PXA-85,Pemex Azcapotzalco,AZCAPOTZALCO
SIN,VDM CENTRO,01REF-85,Reforma,MIGUEL HIDALGO
SIN,VDM CENTRO,01RES-230,Los Reyes,MIGUEL HIDALGO
SIN,VDM CENTRO,01SSP-85,Secretaria de Seguridad Publica,ALVARO OBREGON
SIN,VDM CENTRO,01TAC-85,Tacuba,AZCAPOTZALCO
SIN,VDM CENTRO,01TYA-230,Tacubaya,MIGUEL HIDALGO
SIN,VDM CENTRO,01VER-230,Vertiz,BENITO JUAREZ
SIN,VDM CENTRO,01VRN-230,Veronica,TEXCOCO
SIN,VDM NORTE,01ACC-85,Aceros Corsa,TLALNEPANTLA DE BAZ
SIN,VDM NORTE,01ACM-85,Aceros Camesa,CUAUTITLAN
SIN,VDM NORTE,01ACN-85,Aceros Nacionales,TLALNEPANTLA DE BAZ
SIN,VDM NORTE,01ACO-230,Acolman,ACOLMAN
SIN,VDM NORTE,01ALR-85,Alpura,CUAUTITLAN IZCALLI
SIN,VDM NORTE,01ATI-230,Atizapan,ATIZAPAN DE ZARAGOZA
SIN,VDM NORTE,01ATK-230,Aztecas,ECATEPEC DE MORELOS
SIN,VDM NORTE,01AUM-85,Auto Metales,TLALNEPANTLA DE BAZ
SIN,VDM NORTE,01AZC-230,Azcapotzalco,AZCAPOTZALCO
SIN,VDM NORTE,01BAR-85,Barrientos,TLALNEPANTLA DE BAZ
SIN,VDM NORTE,01BBV-230,BBVA Centro Tecnologico America,ATIZAPAN DE ZARAGOZA
SIN,VDM NORTE,01BDK-85,Becton Dickinson,CUAUTITLAN IZCALLI
SIN,VDM NORTE,01CAH-85,Cementos Anahuac,CUAUTITLAN IZCALLI
SIN,VDM NORTE,01CAR-85,Careaga,TLALNEPANTLA DE BAZ
SIN,VDM NORTE,01CEI-230,Ceilan,TLALNEPANTLA DE BAZ
SIN,VDM NORTE,01CFI-230,Cofraida,TLALNEPANTLA DE BAZ
SIN,VDM NORTE,01CHE-85,Campos Hermanos,TLALNEPANTLA DE BAZ
SIN,VDM NORTE,01CPM-230,Carton y Papel de Mexico,ECATEPEC DE MORELOS
SIN,VDM NORTE,01CRG-230,Cerro Gordo,ECATEPEC DE MORELOS
SIN,VDM NORTE,01CRG-85,Cerro Gordo,ECATEPEC DE MORELOS
SIN,VDM NORTE,01CTG-230,Cartagena,GUSTAVO A. MADERO
SIN,VDM NORTE,01CTT-85,Cuautitlan,CUAUTITLAN
SIN,VDM NORTE,01CYO-85,Coyotepec,TEPOTZOTLAN
SIN,VDM NORTE,01DCO-85,De Acero,TULTITLAN
SIN,VDM NORTE,01ECA-230,Ecatepec,ECATEPEC DE MORELOS
SIN,VDM NORTE,01EVD-230,El Vidrio,NICOLAS ROMERO
SIN,VDM NORTE,01FMC-85,Ford Motor Co,CUAUTITLAN IZCALLI
SIN,VDM NORTE,01GUA-85,Guadalupe,GUSTAVO A. MADERO
SIN,VDM NORTE,01INS-85,Insurgentes,GUSTAVO A. MADERO
SIN,VDM NORTE,01ISC-85,Industrial San Cristobal,ECATEPEC DE MORELOS
SIN,VDM NORTE,01JDV-85,Jugos del Valle,TEPOTZOTLAN
SIN,VDM NORTE,01JLC-230,Jabon La Corona,ECATEPEC DE MORELOS
SIN,VDM NORTE,01LAQ-85,La Quebrada,TULTITLAN
SIN,VDM NORTE,01LAR-230,Las Americas,HUEHUETOCA
SIN,VDM NORTE,01LCT-85,La Costeña,ECATEPEC DE MORELOS
SIN,VDM NORTE,01LDG-230,Lago de Guadalupe,CUAUTITLAN IZCALLI
SIN,VDM NORTE,01LEC-85,Lecheria,TULTITLAN
SIN,VDM NORTE,01LOM-85,Loma,TLALNEPANTLA DE BAZ
SIN,VDM NORTE,01LQX-85,Liquimex,CUAUTITLAN IZCALLI
SIN,VDM NORTE,01LVE-230,Lomas Verdes,NAUCALPAN DE JUAREZ
SIN,VDM NORTE,01MAD-230,Madero,ECATEPEC DE MORELOS
SIN,VDM NORTE,01MLP-230,Chimalpa,NAUCALPAN DE JUAREZ
SIN,VDM NORTE,01NAU-85,Naucalpan,NAUCALPAN DE JUAREZ
SIN,VDM NORTE,01NFA-85,Nueva Fanal,TULTITLAN
SIN,VDM NORTE,01OCE-230,Oceania,VENUSTIANO CARRANZA
SIN,VDM NORTE,01PAT-85,Patera,GUSTAVO A. MADERO
SIN,VDM NORTE,01REM-230,Remedios,CUAUTITLAN IZCALLI
SIN,VDM NORTE,01REM-85,Remedios,CUAUTITLAN IZCALLI
SIN,VDM NORTE,01ROL-230,Caracol,ECATEPEC DE MORELOS
SIN,VDM NORTE,01SOX-230,Sosa Texcoco,ACOLMAN
SIN,VDM NORTE,01TCM-230,Tecamac,TECAMAC
SIN,VDM NORTE,01TEH-230,Tecamachalco,HUIXQUILUCAN
SIN,VDM NORTE,01TKM-230,Tecamac Movil,TECAMAC
SIN,VDM NORTE,01TRX-85,Trimex,CUAUTITLAN IZCALLI
SIN,VDM NORTE,01TTH-230,Teotihuacan,ALVARO OBREGON
SIN,VDM NORTE,01VAE-230,Valle de Mexico,ECATEPEC DE MORELOS
SIN,VDM NORTE,01VAJ-230,Vallejo,TLALNEPANTLA DE BAZ
SIN,VDM NORTE,01VDF-85,Villa de las flores,COACALCO DE BERRIOZABAL
SIN,VDM NORTE,01VDM-85,Valle de Mexico Turbogas,ECATEPEC DE MORELOS
SIN,VDM NORTE,01VFI-85,Vitro Fibras,GUSTAVO A. MADERO
SIN,VDM NORTE,01VIC-230,Victoria,CUAUTITLAN IZCALLI
SIN,VDM NORTE,01VIC-85,Victoria,CUAUTITLAN IZCALLI
SIN,VDM NORTE,01VLR-85,Vidriera los Reyes,TLALNEPANTLA DE BAZ
SIN,VDM NORTE,01VMA-400,Valle de Mexico Maniobras,AXAPUSCO
SIN,VDM NORTE,01VPM-85,Vidrio Plano de Mexico,TLALNEPANTLA DE BAZ
SIN,VDM NORTE,01XAL-230,Xalostoc,ECATEPEC DE MORELOS
SIN,VDM NORTE,01ZAE-85,Zapata Embases,CUAUTITLAN
SIN,VDM NORTE,01ZUM-85,Zumpango,CUAUTITLAN IZCALLI
SIN,VDM SUR,01AAP-85,Apaplastic,LERMA
SIN,VDM SUR,01AGU-230,Aguilas,ALVARO OBREGON
SIN,VDM SUR,01AGV-85,Agua Viva,AMECAMECA
SIN,VDM SUR,01AMO-85,Amomolulco,LERMA
SIN,VDM SUR,01ANS-85,San Andres,IZTAPALAPA
SIN,VDM SUR,01ATE-230,Atenco,ATENCO
SIN,VDM SUR,01ATE-85,Atenco,ATENCO
SIN,VDM SUR,01AVT-85,Avante Textil,TOLUCA
SIN,VDM SUR,01AYO-230,Ayotla,CHALCO
SIN,VDM SUR,01CHA-85,Chalco,CHALCO
SIN,VDM SUR,01CJM-230,Cuajimalpa,CUAJIMALPA DE MORELOS
SIN,VDM SUR,01COA-230,Coapa,TLALPAN
SIN,VDM SUR,01CRS-230,Contreras,LA MAGDALENA CONTRERAS
SIN,VDM SUR,01CRU-230,Santa Cruz,XOCHIMILCO
SIN,VDM SUR,01CUL-230,Culhuacan,IZTAPALAPA
SIN,VDM SUR,01CVD-85,Covadonga,CHALCO
SIN,VDM SUR,01DVA-230,Deportiva,ZINACANTEPEC
SIN,VDM SUR,01ECR-230,El Cerrito,LERMA
SIN,VDM SUR,01EST-230,Estadio,TEZOYUCA
SIN,VDM SUR,01GMC-85,General Motors de Mexico,LERMA
SIN,VDM SUR,01IXL-230,Ixtapaluca,IXTAPALUCA
SIN,VDM SUR,01IZT-230,Iztapalapa,IZTAPALAPA
SIN,VDM SUR,01JCP-85,Juchitepec,AYAPANGO
SIN,VDM SUR,01KDM-85,Chrysler de Mexico,TOLUCA
SIN,VDM SUR,01LER-85,Lerma,CONTEPEC
SIN,VDM SUR,01MAG-85,Magdalena,LA MAGDALENA CONTRERAS
SIN,VDM SUR,01MOR-230,Morelos,CUERNAVACA
SIN,VDM SUR,01NIS-85,Nissan,LERMA
SIN,VDM SUR,01NLE-85,Nestle,TOLUCA
SIN,VDM SUR,01ODB-230,Odon de Buen,COYOACAN
SIN,VDM SUR,01OLI-230,Olivar,ALVARO OBREGON
SIN,VDM SUR,01PDC-115,Paso de Cortes,AMECAMECA
SIN,VDM SUR,01PRO-85,Propimex,TOLUCA
SIN,VDM SUR,01PTH-85,Puerta de Hierro,TOLUCA
SIN,VDM SUR,01RBS-85,Robert Bosch,TOLUCA
SIN,VDM SUR,01RSL-230,El Rosal,COYOACAN
SIN,VDM SUR,01SAF-85,Safmex,TOLUCA
SIN,VDM SUR,01SDI-85,San Diego,TOLUCA
SIN,VDM SUR,01SNG-230,San Angel,ALVARO OBREGON
SIN,VDM SUR,01SSO-85,San Francisco,IXTAPALUCA
SIN,VDM SUR,01TAX-230,Taxqueña,COYOACAN
SIN,VDM SUR,01TAX-85,Taxqueña,COYOACAN
SIN,VDM SUR,01TDK-230,Toluca 2000,TOLUCA
SIN,VDM SUR,01TDV-85,Tenango del Valle,TENANGO DEL VALLE
SIN,VDM SUR,01TIA-230,Tianguistenco,TIANGUISTENCO
SIN,VDM SUR,01TOL-85,Toluca,TOLUCA
SIN,VDM SUR,01TOP-230,Topilejo,TLALPAN
SIN,VDM SUR,01TTC-230,Totoltepec,TOLUCA
SIN,VDM SUR,01TTO-85,Tlatelulco,METEPEC
SIN,VDM SUR,01TTU-230,Tren Interurbano Mexico-Toluca Uno,OCOYOACAC
SIN,VDM SUR,01VDT-85,Vidriera Toluca,TOLUCA
SIN,VDM SUR,01XOC-230,Xochimilco,XOCHIMILCO
SIN,VDM SUR,01ZAM-230,Zaragoza Movil,IZTAPALAPA
SIN,VDM SUR,01ZIC-85,Zictepec,TENANGO DEL VALLE
SIN,No Aplica,05ASC-115,Ascarate,No Aplica
SIN,No Aplica,05DIA-115,Diablo,No Aplica
SIN,No Aplica,06EAP-138,Eagle Pass,No Aplica
SIN,No Aplica,06LAA-138,Laredo Americano,No Aplica
SIN,No Aplica,06RRD-138,Rail Road,No Aplica
SIN,No Aplica,08BEL-115,Belice,No Aplica
SIN,No Aplica,09LBR-230,Los Brillantes,No Aplica
SIN,HUASTECA,06ABR-115,Abra,EL MANTE
SIN,HUASTECA,06AXA-115,Axtla,CIUDAD VALLES
SIN,HUASTECA,06AZT-115,Aztecas,GONZALEZ
SIN,HUASTECA,06EBA-115,Ebanos,SAN LUIS POTOSI
SIN,HUASTECA,06LBR-115,Libramiento,EL MANTE
SIN,HUASTECA,06MAN-115,Mante,EL MANTE
SIN,HUASTECA,06MGN-115,San Miguel el Naranjo,EL NARANJO
SIN,HUASTECA,06MSO-115,Museo,CIUDAD VALLES
SIN,HUASTECA,06MUL-115,Manuel,EL MANTE
SIN,HUASTECA,06STO-115,El Salto,EL NARANJO
SIN,HUASTECA,06VAL-115,Valle Alto,CIUDAD VALLES
SIN,HUASTECA,06VES-115,Valles,CIUDAD VALLES
SIN,HUEJUTLA,06APX-115,Atlapexco,ATLAPEXCO
SIN,HUEJUTLA,06PAN-115,Panuco,PANUCO
SIN,MATAMOROS,06CEN-138,Central,MATAMOROS
SIN,MATAMOROS,06CIM-138,CIMA,MATAMOROS
SIN,MATAMOROS,06INV-138,Infonavit,MATAMOROS
SIN,MATAMOROS,06JAD-138,Jardin Dos,MATAMOROS
SIN,MATAMOROS,06LTO-138,Las Torres,MATAMOROS
SIN,MATAMOROS,06MTM-138,Matamoros,MATAMOROS
SIN,MATAMOROS,06MTM-69,Matamoros,MATAMOROS
SIN,MATAMOROS,06NVP-138,Nuevo Progreso,RIO BRAVO
SIN,MATAMOROS,06OTE-138,Oriente,MATAMOROS
SIN,MATAMOROS,06PTA-138,Planta,MATAMOROS
SIN,MATAMOROS,06SEN-138,Sendero Nacional,MATAMOROS
SIN,MATAMOROS,06TCO-138,Trico,MATAMOROS
SIN,MATAMOROS,06VHE-138,Valle Hermoso,MATAMOROS
SIN,MONCLOVA,06AEO-115,Acero,MONCLOVA
SIN,MONCLOVA,06AHM-400,Ahmsa,MONCLOVA
SIN,MONCLOVA,06FRO-115,Frontera,FRONTERA
SIN,MONCLOVA,06GRA-115,Granjas,MONCLOVA
SIN,MONCLOVA,06MON-115,Monclova,MONCLOVA
SIN,MONCLOVA,06MON-230,Monclova,MONCLOVA
SIN,MONCLOVA,06RGS-115,Regidores,FRONTERA
SIN,MONCLOVA,06TKS-115,Teksid,FRONTERA
SIN,MONCLOVA,06XOC-115,Xochitilli,MONCLOVA
SIN,MONTEMORELOS,06ALN-115,Allende,ALLENDE
SIN,MONTEMORELOS,06LAJ-115,Lajas,LINARES
SIN,MONTEMORELOS,06LDA-115,Ladrillera,MONTEMORELOS
SIN,MONTEMORELOS,06LSN-115,Linares,LINARES
SIN,MONTEMORELOS,06MSI-115,Misiones,MONTERREY
SIN,MONTEMORELOS,06MTN-115,Montemorelos,MONTEMORELOS
SIN,MONTEMORELOS,06SCP-400,Maniobras San Carlos Potencia,SAN CARLOS
SIN,MONTEMORELOS,06VDS-115,Villa de Santiago,SANTIAGO
SIN,MONTERREY,06ACM-115,Alcali Maniobras,SANTA CATARINA
SIN,MONTERREY,06ACP-115,Almacentro Provicional,SAN NICOLAS DE LOS GARZA
SIN,MONTERREY,06AIR-115,Alianza Real,GENERAL ESCOBEDO
SIN,MONTERREY,06ALE-115,Almacentro,SAN NICOLAS DE LOS GARZA
SIN,MONTERREY,06AME-115,Americas,GENERAL ESCOBEDO
SIN,MONTERREY,06APO-115,Apodaca,APODACA
SIN,MONTERREY,06ARV-115,Arcovial,GARCIA
SIN,MONTERREY,06AUS-115,San Agustin,SAN PEDRO GARZA GARCIA
SIN,MONTERREY,06BER-115,San Bernabe,MONTERREY
SIN,MONTERREY,06BLH-115,Black Hawk,SANTA CATARINA
SIN,MONTERREY,06BRL-115,Berlin,SAN PEDRO GARZA GARCIA
SIN,MONTERREY,06CAT-115,Santa Catarina,SANTA CATARINA
SIN,MONTERREY,06CBO-115,Cumbre Oriente,MONTERREY
SIN,MONTERREY,06CDT-115,Cadereyta Dos,CADEREYTA JIMENEZ
SIN,MONTERREY,06CDU-115,Central Dulces Nombres,PESQUERIA
SIN,MONTERREY,06CDU-400,Central Dulces Nombres,PESQUERIA
SIN,MONTERREY,06CEL-115,Celulosa,MONTERREY
SIN,MONTERREY,06CEM-115,Cementos Mexicanos,MONTERREY
SIN,MONTERREY,06CER-115,Cerralvo,CERRALVO
SIN,MONTERREY,06CFD-115,Cienega de Flores Dos,CIENEGA DE FLORES
SIN,MONTERREY,06CIS-115,Carplastic,MONTERREY
SIN,MONTERREY,06CMN-115,Cumbres Poniente,MONTERREY
SIN,MONTERREY,06CNY-115,Contry,MONTERREY
SIN,MONTERREY,06CYN-115,Cadereyta,CADEREYTA JIMENEZ
SIN,MONTERREY,06DNA-115,Dinastia,MONTERREY
SIN,MONTERREY,06DON-115,Santo Domingo,SAN NICOLAS DE LOS GARZA
SIN,MONTERREY,06DTL-115,Dal Tile,SANTA CATARINA
SIN,MONTERREY,06ECN-115,El Canada,GENERAL ESCOBEDO
SIN,MONTERREY,06EHN-230,Entronque Hylsa Norte,APODACA
SIN,MONTERREY,06ESC-115,Escobedo,GENERAL ESCOBEDO
SIN,MONTERREY,06ESC-400,Escobedo,GENERAL ESCOBEDO
SIN,MONTERREY,06EST-115,Parque Industrial Estrella,GENERAL ESCOBEDO
SIN,MONTERREY,06ETZ-115,Estanzuela,MONTERREY
SIN,MONTERREY,06FAI-400,El Fraile,EL CARMEN
SIN,MONTERREY,06FAR-115,Faro,MONTERREY
SIN,MONTERREY,06FIG-115,Finsa Guadalupe,GUADALUPE
SIN,MONTERREY,06FIT-115,FINSA Interamerican Monterrey,APODACA
SIN,MONTERREY,06FOM-115,Fomerrey 22,SANTA CATARINA
SIN,MONTERREY,06FUG-115,Felix U. Gomez,MONTERREY
SIN,MONTERREY,06FUN-115,Fundidora,MONTERREY
SIN,MONTERREY,06GAC-115,Garcia,GARCIA
SIN,MONTERREY,06GDL-115,Guadalupe,GUADALUPE
SIN,MONTERREY,06GRS-115,Girasoles,GENERAL ESCOBEDO
SIN,MONTERREY,06HFS-115,Parque Industrial Hofusan,Salinas Victoria
SIN,MONTERREY,06HUI-115,Huinala,APODACA
SIN,MONTERREY,06HUI-230,Huinala,APODACA
SIN,MONTERREY,06HUO-400,Huinala Dos,APODACA
SIN,MONTERREY,06HYM-400,Hylsa Maniobras,SAN NICOLAS DE LOS GARZA
SIN,MONTERREY,06JAN-115,San Juan,JUAREZ
SIN,MONTERREY,06JCC-115,Johnson Controls,GENERAL ESCOBEDO
SIN,MONTERREY,06JEP-115,Jeronimo Potencia,MONTERREY
SIN,MONTERREY,06JNO-115,Juarez Norte,JUAREZ
SIN,MONTERREY,06JOR-115,San Jorge,SAN NICOLAS DE LOS GARZA
SIN,MONTERREY,06JZO-115,Josefa Zozaya,GUADALUPE
SIN,MONTERREY,06KGP-115,Kalos Guadalupe,GUADALUPE
SIN,MONTERREY,06KMG-115,Kemet Guadalupe Monterrey,GUADALUPE
SIN,MONTERREY,06KOH-115,Koholer-Sanimex,PESQUERIA
SIN,MONTERREY,06KRF-115,Kraft Food,GENERAL ESCOBEDO
SIN,MONTERREY,06LAF-115,La Fe,SAN NICOLAS DE LOS GARZA
SIN,MONTERREY,06LEC-115,Lechugal,SANTA CATARINA
SIN,MONTERREY,06LEO-115,Leona,MONTERREY
SIN,MONTERREY,06LOL-115,Loma Larga,MONTERREY
SIN,MONTERREY,06LRR-115,Ladrillera Revolucion,MONTERREY
SIN,MONTERREY,06MAV-115,Miravalle,MONTERREY
SIN,MONTERREY,06MCO-115,Marcos San,JUAREZ
SIN,MONTERREY,06MDU-115,Maniobras Dulces Nombres,PESQUERIA
SIN,MONTERREY,06MIO-115,El Mirador,MONTERREY
SIN,MONTERREY,06MIT-115,Mitras,GENERAL ESCOBEDO
SIN,MONTERREY,06MKL-115,Monte Kristal,JUAREZ
SIN,MONTERREY,06MMQ-230,Cuadro de Maniobras el Mezquite,MINA
SIN,MONTERREY,06MOD-115,Modelo,MONTERREY
SIN,MONTERREY,06MPX-115,Cuadro de Maniobras Promax,SAN NICOLAS DE LOS GARZA
SIN,MONTERREY,06MSA-115,Metalsa,APODACA
SIN,MONTERREY,06MTI-115,Montoi,GENERAL ESCOBEDO
SIN,MONTERREY,06MTP-115,Monterrey Potencia,SAN NICOLAS DE LOS GARZA
SIN,MONTERREY,06MTY-115,Monterrey,MONTERREY
SIN,MONTERREY,06MUN-115,Munich,SAN NICOLAS DE LOS GARZA
SIN,MONTERREY,06MZQ-115,Mezquital,SAN NICOLAS DE LOS GARZA
SIN,MONTERREY,06NAS-115,Navistar,GENERAL ESCOBEDO
SIN,MONTERREY,06NEK-115,Nemak,GARCIA
SIN,MONTERREY,06NIC-115,San Nicolas,SAN NICOLAS DE LOS GARZA
SIN,MONTERREY,06NOG-115,Nogalar,SAN NICOLAS DE LOS GARZA
SIN,MONTERREY,06NUE-115,Nueva escobedo,GENERAL ESCOBEDO
SIN,MONTERREY,06OBI-115,Obispado,MONTERREY
SIN,MONTERREY,06ORN-115,Orion,MONTERREY
SIN,MONTERREY,06PAX-115,Prax Air,SAN NICOLAS DE LOS GARZA
SIN,MONTERREY,06PBS-115,Planta Bombeo La Silla,GUADALUPE
SIN,MONTERREY,06PCD-230,Pemex Cadereyta,CADEREYTA JIMENEZ
SIN,MONTERREY,06PEM-115,Pemex,GUADALUPE
SIN,MONTERREY,06PGE-400,Cuadro de Maniobras Presa Grande,LOS RAMONES
SIN,MONTERREY,06PGI-115,Planta Electrica Grupo Industrial,MONTERREY
SIN,MONTERREY,06PIE-115,Parque Industrial Escobedo,GENERAL ESCOBEDO
SIN,MONTERREY,06PIK-115,Parque Industrial Kalos,SANTA CATARINA
SIN,MONTERREY,06PLE-115,Prolec,APODACA
SIN,MONTERREY,06PLG-115,Prologis,APODACA
SIN,MONTERREY,06PMA-115,Parque Industrial Monterrey-Apodaca,APODACA
SIN,MONTERREY,06PQA-115,Pesqueria,PESQUERIA
SIN,MONTERREY,06PQT-115,Apodaca Technology Park,APODACA
SIN,MONTERREY,06PRY-115,Panel Rey,EL CARMEN
SIN,MONTERREY,06PTS-115,Las Puentes,SAN NICOLAS DE LOS GARZA
SIN,MONTERREY,06RDP-115,Real de Palmas,GENERAL ZUAZUA
SIN,MONTERREY,06RIE-115,El Riel,MONTERREY
SIN,MONTERREY,06RIO-115,Rio,MONTERREY
SIN,MONTERREY,06ROQ-115,San Roque,GUADALUPE
SIN,MONTERREY,06SAH-115,Sabinas Hidalgo,SABINAS HIDALGO
SIN,MONTERREY,06SLL-115,La Silla,GUADALUPE
SIN,MONTERREY,06SMA-115,San Martin,GENERAL ESCOBEDO
SIN,MONTERREY,06SRD-115,Solidaridad,MONTERREY
SIN,MONTERREY,06STZ-115,Santa Cruz,GUADALUPE
SIN,MONTERREY,06TEC-115,Tecnologico,MONTERREY
SIN,MONTERREY,06THB-115,Thomas & Betts,GUADALUPE
SIN,MONTERREY,06THO-115,Topo Chico,MONTERREY
SIN,MONTERREY,06TIB-115,Tierra Blanca,SABINAS HIDALGO
SIN,MONTERREY,06TII-115,Triara II,APODACA
SIN,MONTERREY,06TPQ-115,Tampiquito,SAN PEDRO GARZA GARCIA
SIN,MONTERREY,06TRQ-400,Ternium Planta Pesqueria,PESQUERIA
SIN,MONTERREY,06UCA-230,Union Carbide,APODACA
SIN,MONTERREY,06UNI-115,Universidad,MONTERREY
SIN,MONTERREY,06VAP-115,Valle Poniente,SANTA CATARINA
SIN,MONTERREY,06VDG-230,Villa de Garcia,GARCIA
SIN,MONTERREY,06VJD-115,Villa de Juarez Dos,JUAREZ
SIN,MONTERREY,06VKM-230,Ventika Manioras,GENERAL BRAVO
SIN,MONTERREY,06VLL-115,Valle,SAN PEDRO GARZA GARCIA
SIN,MONTERREY,06VOT-115,Valle Oriente,SAN PEDRO GARZA GARCIA
SIN,MONTERREY,06VRO-115,Valle del Roble,CADEREYTA JIMENEZ
SIN,MONTERREY,06VSA-115,Vitro Crisa,MONTERREY
SIN,MONTERREY,06VSL-115,Valle soleado,GUADALUPE
SIN,NUEVO LAREDO,06CAM-138,Camargo,CAMARGO
SIN,NUEVO LAREDO,06CID-138,Ciudad Industrial,NUEVO LAREDO
SIN,NUEVO LAREDO,06CPR-138,Campestre,NUEVO LAREDO
SIN,NUEVO LAREDO,06FAM-138,Falcon Mexicano,GUERRERO
SIN,NUEVO LAREDO,06LAO-138,Lago,NUEVO LAREDO
SIN,NUEVO LAREDO,06LAP-138,Laredo Poniente,NUEVO LAREDO
SIN,NUEVO LAREDO,06MIG-138,Miguel Aleman,MIGUEL ALEMAN
SIN,NUEVO LAREDO,06MME-138,Magneticos de Mex,NUEVO LAREDO
SIN,NUEVO LAREDO,06NMZ-138,Narciszo Mendoza,NUEVO LAREDO
SIN,NUEVO LAREDO,06NUL-138,Nuevo Laredo,NUEVO LAREDO
SIN,NUEVO LAREDO,06OJC-138,Ojo Caliente,NUEVO LAREDO
SIN,NUEVO LAREDO,06PIO-138,Parque Industrial Oradel,NUEVO LAREDO
SIN,PIEDRAS NEGRAS,06ACD-138,Acuña Dos,ACUÑA
SIN,PIEDRAS NEGRAS,06AMI-138,Amistad,ACUÑA
SIN,PIEDRAS NEGRAS,06AUA-138,Acuna,ACUÑA
SIN,PIEDRAS NEGRAS,06CBD-400,Carbon Dos,NAVA
SIN,PIEDRAS NEGRAS,06CRO-138,Corona CFE,NAVA
SIN,PIEDRAS NEGRAS,06FTE-138,Fuente,PIEDRAS NEGRAS
SIN,PIEDRAS NEGRAS,06NAV-138,Nava,NAVA
SIN,PIEDRAS NEGRAS,06NVS-230,Novillos,ACUÑA
SIN,PIEDRAS NEGRAS,06PIU-138,Parque Industrial Acuña,ACUÑA
SIN,PIEDRAS NEGRAS,06PNE-138,Piedras Negras,PIEDRAS NEGRAS
SIN,PIEDRAS NEGRAS,06PUI-138,Puente Internacional,PIEDRAS NEGRAS
SIN,PIEDRAS NEGRAS,06REC-230,Rio Escondido,NAVA
SIN,PIEDRAS NEGRAS,06REC-400,Rio Escondido,NAVA
SIN,REYNOSA,06AER-138,Aeropuerto,REYNOSA
SIN,REYNOSA,06AER-230,Aeropuerto,REYNOSA
SIN,REYNOSA,06AER-400,Aeropuerto,REYNOSA
SIN,REYNOSA,06AIN-138,American Industries,REYNOSA
SIN,REYNOSA,06ANZ-138,Anzalduas,REYNOSA
SIN,REYNOSA,06ATP-230,Anahuac Tamaulipas Potencia,VALLE HERMOSO
SIN,REYNOSA,06ATP-400,Anahuac Tamaulipas Potencia,VALLE HERMOSO
SIN,REYNOSA,06AZN-138,Aztlan,REYNOSA
SIN,REYNOSA,06BAD-138,Black and Decker,REYNOSA
SIN,REYNOSA,06CRB-138,San Cristobal,REYNOSA
SIN,REYNOSA,06CUF-230,Cumbres Frontera,REYNOSA
SIN,REYNOSA,06INO-138,Parque Industrial Del Norte,REYNOSA
SIN,REYNOSA,06JRA-138,Jarachina,REYNOSA
SIN,REYNOSA,06JUZ-138,Juarez,REYNOSA
SIN,REYNOSA,06LVI-138,Lauro Villar,MATAMOROS
SIN,REYNOSA,06MEX-138,Mexico,REYNOSA
SIN,REYNOSA,06NRE-138,Norte,REYNOSA
SIN,REYNOSA,06ORZ-138,Orizatlan,REYNOSA
SIN,REYNOSA,06PAI-138,Parque Industrial,REYNOSA
SIN,REYNOSA,06PER-138,Petrolera,REYNOSA
SIN,REYNOSA,06PIC-138,Parque Industrial Colonial,REYNOSA
SIN,REYNOSA,06PIP-138,Puerto Industrial Park,REYNOSA
SIN,REYNOSA,06POG-138,Parque Industrial Prologis,REYNOSA
SIN,REYNOSA,06RBP-138,Rio Bravo Poniente,REYNOSA
SIN,REYNOSA,06REY-138,Reynosa,REYNOSA
SIN,REYNOSA,06RIB-138,Rio Bravo,RIO BRAVO
SIN,REYNOSA,06RIB-230,Rio Bravo,RIO BRAVO
SIN,REYNOSA,06RIS-138,RICSA,REYNOSA
SIN,REYNOSA,06RYC-138,Reynosa Centro,REYNOSA
SIN,REYNOSA,06VEC-138,Verde Corporate,REYNOSA
SIN,REYNOSA,06VLF-138,Villa Florida,REYNOSA
SIN,SABINAS,06MIE-115,Minera,SAN JUAN DE SABINAS
SIN,SABINAS,06NUR-115,Nueva Rosita,SAN JUAN DE SABINAS
SIN,SALTILLO,06AGN-115,Agua Nueva,SALTILLO
SIN,SALTILLO,06ALM-115,Alamo,SALTILLO
SIN,SALTILLO,06ALP-115,Alpes,SALTILLO
SIN,SALTILLO,06APC-230,Apasco,RAMOS ARIZPE
SIN,SALTILLO,06BRI-115,Las Brisas,SALTILLO
SIN,SALTILLO,06CAP-115,Capellania,SALTILLO
SIN,SALTILLO,06CED-230,Cedros,SALTILLO
SIN,SALTILLO,06CIB-115,Cibiosa,SALTILLO
SIN,SALTILLO,06CYC-115,Chrysler Planta Camiones,SALTILLO
SIN,SALTILLO,06FIS-115,Finsa,SALTILLO
SIN,SALTILLO,06GAM-115,Galeana Maniobras,GALEANA
SIN,SALTILLO,06GMO-115,General Motors,RAMOS ARIZPE
SIN,SALTILLO,06ISR-115,Parque Industrial Saltillo Ramos Arizpe,RAMOS ARIZPE
SIN,SALTILLO,06LLN-115,Llanos Saltillo,ARTEAGA
SIN,SALTILLO,06MAB-115,Mabe,SALTILLO
SIN,SALTILLO,06MEH-230,Cuadro de Maniobras Eolica Coahuila,RAMOS ARIZPE
SIN,SALTILLO,06MEO-230,Cuadro de Maniobras Eolico Santa Catarina,SANTA CATARINA
SIN,SALTILLO,06MRL-115,Morelos,SALTILLO
SIN,SALTILLO,06MSC-115,Mannesmann,RAMOS ARIZPE
SIN,SALTILLO,06NVD-115,Navidad,SAN PEDRO
SIN,SALTILLO,06PIA-115,Parque Industrial Amistad Aeropuerto,RAMOS ARIZPE
SIN,SALTILLO,06PRV-115,CM Providencia,SALTILLO
SIN,SALTILLO,06PSM-115,PI Santa Maria,RAMOS ARIZPE
SIN,SALTILLO,06RAP-115,Ramos Arizpe Potencia,RAMOS ARIZPE
SIN,SALTILLO,06RAP-400,Ramos Arizpe Potencia,RAMOS ARIZPE
SIN,SALTILLO,06ROB-115,San Roberto,GALEANA
SIN,SALTILLO,06RRA-115,Ramos Arizpe,RAMOS ARIZPE
SIN,SALTILLO,06SAL-115,Saltillo,SALTILLO
SIN,SALTILLO,06SRP-230,El Sarape,SALTILLO
SIN,SALTILLO,06ZPL-115,Zapaliname,SALTILLO
SIN,TAMPICO,06AAT-115,Santa Amalia Tamaulipas,ALTAMIRA
SIN,TAMPICO,06ALT-115,Altamira,ALTAMIRA
SIN,TAMPICO,06ALT-230,Altamira,ALTAMIRA
SIN,TAMPICO,06ALT-400,Altamira,ALTAMIRA
SIN,TAMPICO,06ANP-115,Anahuac Potencia,TAMUIN
SIN,TAMPICO,06CHR-115,Chairel,TAMPICO
SIN,TAMPICO,06DUT-115,Dupont,TAMPICO
SIN,TAMPICO,06ETK-115,Enertek,ALTAMIRA
SIN,TAMPICO,06FME-115,Flex Americas,ALTAMIRA
SIN,TAMPICO,06GPT-115,Generadora Petrocel,ALTAMIRA
SIN,TAMPICO,06INF-115,Subestación Infonavit,TAMPICO
SIN,TAMPICO,06KAF-115,Energia mk kf,ALTAMIRA
SIN,TAMPICO,06LDC-115,Laguna del Conejo,ALTAMIRA
SIN,TAMPICO,06LDV-115,Linda Vista,PUEBLO VIEJO
SIN,TAMPICO,06LLC-400,Llera de Canales,LLERA
SIN,TAMPICO,06MES-400,Las Mesas,TAMAZUNCHALE
SIN,TAMPICO,06MIA-230,Minera Autlan,PANUCO
SIN,TAMPICO,06MMD-230,Miramar Dos,ALTAMIRA
SIN,TAMPICO,06NRJ-115,Naranjo,NARANJOS AMATLAN
SIN,TAMPICO,06OZL-115,Ozuluama,OZULUAMA DE MASCAREÑAS
SIN,TAMPICO,06PAE-400,Puerto Altamira Electrica,ALTAMIRA
SIN,TAMPICO,06PCO-115,Posco,ALTAMIRA
SIN,TAMPICO,06PLC-115,Policyd,ALTAMIRA
SIN,TAMPICO,06POL-115,Polvorin,CIUDAD MADERO
SIN,TAMPICO,06PUO-115,Puerto,ALTAMIRA
SIN,TAMPICO,06RIA-115,Subestacion Reductora IDELPRO,ALTAMIRA
SIN,TAMPICO,06RMA-115,Refineria Madero,CIUDAD MADERO
SIN,TAMPICO,06TAM-115,Tamaulipas,TAMPICO
SIN,TAMPICO,06TCL-115,Tancol,TAMPICO
SIN,TAMPICO,06TEG-400,Termoelectrica del Golfo,TAMUIN
SIN,TAMPICO,06TEP-400,Termoelectrica Peñoles,TAMUIN
SIN,TAMPICO,06TMO-115,Tamos,PANUCO
SIN,TAMPICO,06TMS-400,Tres Mesas Maniobras,LLERA
SIN,TAMPICO,06TPC-115,Tampico,TAMPICO
SIN,TAMPICO,06TXE-115,Textilera,ALTAMIRA
SIN,TAMPICO,06UNT-115,Universidad Tampico,TAMPICO
SIN,VICTORIA,06BET-115,Barretal,PADILLA
SIN,VICTORIA,06BIC-115,Bicentenario,VICTORIA
SIN,VICTORIA,06ESR-115,Estrella,VICTORIA
SIN,VICTORIA,06FND-115,San Fernando,SAN FERNANDO
SIN,VICTORIA,06GUE-115,Guemez,GÜEMEZ
SIN,VICTORIA,06JIM-115,Jimenez,JIMENEZ
SIN,VICTORIA,06LBT-115,Libertad,VICTORIA
SIN,VICTORIA,06NST-115,Nueva Santander,VICTORIA
SIN,VICTORIA,06OVO-115,Olivo,VICTORIA
SIN,VICTORIA,06TNA-115,Tierra Nueva,GÜEMEZ
SIN,VICTORIA,06VRA-115,Victoria,VICTORIA
SIN,CABORCA,04AGS-115,Agricola Sonoyta,GENERAL PLUTARCO ELIAS CALLES
SIN,CABORCA,04ALT-115,Altar,ALTAR
SIN,CABORCA,04ANT-115,Antimonio,CABORCA
SIN,CABORCA,04ASE-115,Arroyo Seco,ALTAR
SIN,CABORCA,04BZI-115,Bizani,CABORCA
SIN,CABORCA,04CBA-115,Caborca,CABORCA
SIN,CABORCA,04CCA-115,Cerro Cañedo,CABORCA
SIN,CABORCA,04DSE-115,El Deseo,CABORCA
SIN,CABORCA,04ICA-115,Industrial Caborca,CABORCA
SIN,CABORCA,04LCH-115,La Choya,PUERTO PEÑASCO
SIN,CABORCA,04LLB-115,Llano Blanco,ALTAR
SIN,CABORCA,04LPN-115,La Pinta,PUERTO PEÑASCO
SIN,CABORCA,04MFN-115,Maniobras Fresnillo,CABORCA
SIN,CABORCA,04MPP-115,Maniobras Fotovoltaica Puerto Peñasco,PUERTO PEÑASCO
SIN,CABORCA,04ORI-115,Oriente,PUERTO PEÑASCO
SIN,CABORCA,04PLD-230,Puerto Libertad,PITIQUITO
SIN,CABORCA,04PPA-115,Puerto Penasco,PUERTO PEÑASCO
SIN,CABORCA,04PYE-115,Playa Encanto,PUERTO PEÑASCO
SIN,CABORCA,04SHO-115,Sahuaro,CABORCA
SIN,CABORCA,04SNY-115,Sonoyta,GENERAL PLUTARCO ELIAS CALLES
SIN,CABORCA,04SSA-115,Seis de Abril,CABORCA
SIN,CABORCA,04SVV-115,Siempre Viva,CABORCA
SIN,CULIACAN,04BCH-115,Bachigualato,CULIACAN
SIN,CULIACAN,04CCC-115,Culiacan Centro,CULIACAN
SIN,CULIACAN,04CLI-115,Libramiento,CULIACAN
SIN,CULIACAN,04CMI-115,Culiacan Millenium,CULIACAN
SIN,CULIACAN,04CMR-115,Comedero,COSALA
SIN,CULIACAN,04CSA-115,Costa Rica,CULIACAN
SIN,CULIACAN,04CUC-115,Culiacan Cuatro,CULIACAN
SIN,CULIACAN,04CUD-115,Culiacan Dos,CULIACAN
SIN,CULIACAN,04CUI-115,Culiacan Cinco,CULIACAN
SIN,CULIACAN,04CUN-115,Culiacan Norte,CULIACAN
SIN,CULIACAN,04CUO-115,Culiacan Oriente,CULIACAN
SIN,CULIACAN,04CUS-115,Culiacan Sur,CULIACAN
SIN,CULIACAN,04CUT-115,Culiacan Tres,CULIACAN
SIN,CULIACAN,04CUU-115,Culiacan Uno,CULIACAN
SIN,CULIACAN,04EDR-115,El Dorado,CULIACAN
SIN,CULIACAN,04HYA-115,Humaya,BADIRAGUATO
SIN,CULIACAN,04ISM-115,Isla Musala,CULIACAN
SIN,CULIACAN,04JSP-115,Jaime Sevilla Poyastro,CULIACAN
SIN,CULIACAN,04NTO-115,Navolato,NAVOLATO
SIN,CULIACAN,04QLA-115,Quila,CULIACAN
SIN,CULIACAN,04SLA-115,Sanalona,CULIACAN
SIN,CULIACAN,04SPE-115,Pericos,MOCORITO
SIN,CULIACAN,04TSR-115,Subestacion Tres Rios,CULIACAN
SIN,CULIACAN,04VDC-115,Villas del Cedro,CULIACAN
SIN,GUASAVE,04BMO-115,Bamoa,GUASAVE
SIN,GUASAVE,04BRT-115,Bacurato,SINALOA
SIN,GUASAVE,04GML-115,Guamuchil,SALVADOR ALVARADO
SIN,GUASAVE,04GSV-115,Guasave,GUASAVE
SIN,GUASAVE,04HVF-115,Hernando de Villafañe,GUASAVE
SIN,GUASAVE,04LVS-115,Leyva Solano,GUASAVE
SIN,GUASAVE,04SAA-115,Salvador Alvarado,SALVADOR ALVARADO
SIN,GUASAVE,04SRF-115,San Rafael,GUASAVE
SIN,GUAYMAS,04CDP-115,Cruz de Piedra,EMPALME
SIN,GUAYMAS,04CLA-115,Centinela,GUAYMAS
SIN,GUAYMAS,04ECC-230,Empalme Ciclo Combinado,EMPALME
SIN,GUAYMAS,04ECD-400,Empalme Ciclo Combinado Dos,EMPALME
SIN,GUAYMAS,04EPM-115,Empalme,EMPALME
SIN,GUAYMAS,04FMA-115,Fatima,GUAYMAS
SIN,GUAYMAS,04LMA-115,La Misa,EMPALME
SIN,GUAYMAS,04MLA-115,Morelos La Atravezada,EMPALME
SIN,GUAYMAS,04PGD-115,Planta Guaymas Dos,GUAYMAS
SIN,GUAYMAS,04PGD-230,Planta Guaymas Dos,GUAYMAS
SIN,GUAYMAS,04SCR-115,San Carlos,GUAYMAS
SIN,GUAYMAS,04SGU-115,Subestacion Guaymas Uno,GUAYMAS
SIN,HERMOSILLO,04ACU-115,Acuicola,HERMOSILLO
SIN,HERMOSILLO,04ALZ-115,Altozano,HERMOSILLO
SIN,HERMOSILLO,04BGT-115,Bagotes,HERMOSILLO
SIN,HERMOSILLO,04CRD-115,Cardonal,HERMOSILLO
SIN,HERMOSILLO,04DER-115,Derivacion,HERMOSILLO
SIN,HERMOSILLO,04DYN-115,Dynatec,HERMOSILLO
SIN,HERMOSILLO,04ETO-115,Estacion Torres,LA COLORADA
SIN,HERMOSILLO,04HAE-230,Hermosillo Aeropuerto,HERMOSILLO
SIN,HERMOSILLO,04HCE-115,Hermosillo Cereso,HERMOSILLO
SIN,HERMOSILLO,04HLC-115,Hermosillo Cuatro,HERMOSILLO
SIN,HERMOSILLO,04HLD-115,Hermosillo Dos,HERMOSILLO
SIN,HERMOSILLO,04HLE-115,Hermosillo Siete,HERMOSILLO
SIN,HERMOSILLO,04HLI-115,Hermosillo Cinco,HERMOSILLO
SIN,HERMOSILLO,04HLI-230,Hermosillo Cinco,HERMOSILLO
SIN,HERMOSILLO,04HLN-115,Hermosillo Nueve,HERMOSILLO
SIN,HERMOSILLO,04HLO-115,Hermosillo Ocho,HERMOSILLO
SIN,HERMOSILLO,04HLS-115,Hermosillo Seis,HERMOSILLO
SIN,HERMOSILLO,04HLT-115,Hermosillo Tres,HERMOSILLO
SIN,HERMOSILLO,04HLU-115,Hermosillo Uno,HERMOSILLO
SIN,HERMOSILLO,04HMA-115,La Manga,HERMOSILLO
SIN,HERMOSILLO,04HMB-115,Hermosillo Maniobras,HERMOSILLO
SIN,HERMOSILLO,04HMI-115,Hermosillo Mision,HERMOSILLO
SIN,HERMOSILLO,04LAD-115,Ladrillera,HERMOSILLO
SIN,HERMOSILLO,04MAO-230,Maniobras Orejana,HERMOSILLO
SIN,HERMOSILLO,04MAP-115,Maniobras Apasco,HERMOSILLO
SIN,HERMOSILLO,04MGN-115,Maniobras Gas Natural,HERMOSILLO
SIN,HERMOSILLO,04MMR-115,Maniobras Mi Ranchito Sur,HERMOSILLO
SIN,HERMOSILLO,04MMU-115,Maniobras Munisol,HERMOSILLO
SIN,HERMOSILLO,04MTS-115,Maniobras Tastiota,HERMOSILLO
SIN,HERMOSILLO,04NVL-115,Novillo,SOYOPA
SIN,HERMOSILLO,04OAS-115,Oasis,CARBO
SIN,HERMOSILLO,04PIH-115,Parque Industrial Hermosillo,HERMOSILLO
SIN,HERMOSILLO,04PTS-115,Portales,HERMOSILLO
SIN,HERMOSILLO,04PUE-115,Pueblitos,HERMOSILLO
SIN,HERMOSILLO,04QRG-115,Quiroga,HERMOSILLO
SIN,HERMOSILLO,04RGU-115,Rolando Garcia Urrea,HERMOSILLO
SIN,HERMOSILLO,04RIS-115,Rio Sonora,HERMOSILLO
SIN,HERMOSILLO,04SBC-115,Subestacion 4 Costa Hermosillo,HERMOSILLO
SIN,HERMOSILLO,04SBD-115,Subestacion 2 Costa Hermosillo,HERMOSILLO
SIN,HERMOSILLO,04SBE-115,Subestacion 7 Costa Hermosillo,HERMOSILLO
SIN,HERMOSILLO,04SBI-115,Subestacion 5 Costa Hermosillo,HERMOSILLO
SIN,HERMOSILLO,04SBK-115,Bahia Kino,HERMOSILLO
SIN,HERMOSILLO,04SBN-115,Subestacion 9 Costa Hermosillo,HERMOSILLO
SIN,HERMOSILLO,04SBO-115,Subestacion 8 Costa Hermosillo,HERMOSILLO
SIN,HERMOSILLO,04SBS-115,Subestacion 6 Costa Hermosillo,HERMOSILLO
SIN,HERMOSILLO,04SBT-115,Subestacion 3 Costa Hermosillo,HERMOSILLO
SIN,HERMOSILLO,04SBU-115,Subestacion 1 Costa Hermosillo,HERMOSILLO
SIN,HERMOSILLO,04SBZ-115,Subestacion 10 Costa Hermosillo,HERMOSILLO
SIN,HERMOSILLO,04SCL-115,Subestacion colinas,HERMOSILLO
SIN,HERMOSILLO,04SEL-115,Selecta,HERMOSILLO
SIN,HERMOSILLO,04SNC-115,San Nicolas,HERMOSILLO
SIN,HERMOSILLO,04SPP-115,Punto P,HERMOSILLO
SIN,HERMOSILLO,04STI-115,Santa Ines,HERMOSILLO
SIN,HERMOSILLO,04TCG-115,Tecnologico,HERMOSILLO
SIN,HERMOSILLO,04TST-115,Tastiota,HERMOSILLO
SIN,HERMOSILLO,04URE-115,Ures,URES
SIN,HERMOSILLO,04VNO-115,Viñedos,HERMOSILLO
SIN,HERMOSILLO,04VPI-115,Villa del Pitic,HERMOSILLO
SIN,LOS MOCHIS,04AHO-115,Ahome,AHOME
SIN,LOS MOCHIS,04CHO-230,Choacahui,AHOME
SIN,LOS MOCHIS,04CNT-115,Centenario,AHOME
SIN,LOS MOCHIS,04CRZ-115,Carrizo,AHOME
SIN,LOS MOCHIS,04EFP-115,El Fuerte Penal,EL FUERTE
SIN,LOS MOCHIS,04EFU-115,El Fuerte,EL FUERTE
SIN,LOS MOCHIS,04HRS-115,Hornillos,EL FUERTE
SIN,LOS MOCHIS,04JAE-115,Jose angel Espinoza,EL FUERTE
SIN,LOS MOCHIS,04JJR-115,Juan Jose Rios,GUASAVE
SIN,LOS MOCHIS,04LMC-115,Los Mochis Colinas,AHOME
SIN,LOS MOCHIS,04LMD-115,Los Mochis Dos,EL FUERTE
SIN,LOS MOCHIS,04LMI-115,Los Mochis Industrial,AHOME
SIN,LOS MOCHIS,04LMT-115,Los Mochis Tres,AHOME
SIN,LOS MOCHIS,04LMU-115,Los Mochis Uno,AHOME
SIN,LOS MOCHIS,04MCE-115,Mochis Centro,AHOME
SIN,LOS MOCHIS,04MLV-115,Mochis las Villas,AHOME
SIN,LOS MOCHIS,04RUC-115,Ruiz Cortines,ALAMOS
SIN,LOS MOCHIS,04TPD-400,Topolobampo II,AHOME
SIN,LOS MOCHIS,04TPO-115,Topolobampo,AHOME
SIN,LOS MOCHIS,04TPO-230,Topolobampo,AHOME
SIN,MAZATLAN,04DMA-115,Subestacion del Mar,MAZATLAN
SIN,MAZATLAN,04EPA-115,Escuinapa,ESCUINAPA
SIN,MAZATLAN,04LCZ-115,La Cruz,ELOTA
SIN,MAZATLAN,04MAC-115,Mazatlan Centro,MAZATLAN
SIN,MAZATLAN,04MAE-115,Mazatlan Aeropuerto,MAZATLAN
SIN,MAZATLAN,04MRN-115,Mazatlan Marina,MAZATLAN
SIN,MAZATLAN,04MTE-115,Mazatlan Tecnologico,MAZATLAN
SIN,MAZATLAN,04MZD-115,Mazatlan Dos,MAZATLAN
SIN,MAZATLAN,04MZD-230,Mazatlan Dos,MAZATLAN
SIN,MAZATLAN,04MZN-115,Mazatlan Norte,MAZATLAN
SIN,MAZATLAN,04MZO-115,Mazaztlan Oriente,MAZATLAN
SIN,MAZATLAN,04MZU-115,Mazatlan Uno,MAZATLAN
SIN,MAZATLAN,04PXT-115,Piaxtla,SAN IGNACIO
SIN,MAZATLAN,04ROS-115,Rosario,ROSARIO
SIN,MAZATLAN,04SVU-115,Villa Union,MAZATLAN
SIN,MAZATLAN,04TEA-115,Teacapan,ESCUINAPA
SIN,MAZATLAN,04VND-115,Venadillo,MAZATLAN
SIN,NAVOJOA,04AAM-115,Alamos,ALAMOS
SIN,NAVOJOA,04FUC-115,Fundicion,NAVOJOA
SIN,NAVOJOA,04HPO-115,Huatabampo,HUATABAMPO
SIN,NAVOJOA,04HTS-230,Huites,CHOIX
SIN,NAVOJOA,04MCM-115,Mina Cobre del Mayo,ALAMOS
SIN,NAVOJOA,04MRI-115,Mocuzari,ALAMOS
SIN,NAVOJOA,04NVI-115,Navojoa Industrial,NAVOJOA
SIN,NAVOJOA,04NVJ-115,Navojoa,NAVOJOA
SIN,NAVOJOA,04NVN-115,Navojoa Norte,NAVOJOA
SIN,NAVOJOA,04NVO-115,Navojoa Oriente,NAVOJOA
SIN,NAVOJOA,04PNO-230,Pueblo Nuevo,NAVOJOA
SIN,NAVOJOA,04VIJ-115,Villa Juarez,BENITO JUAREZ
SIN,NAVOJOA,04VMY-115,Valle del Mayo,ETCHOJOA
SIN,NOGALES,04AGD-230,Aguaprieta II,AGUA PRIETA
SIN,NOGALES,04AGI-115,Agua Prieta,AGUA PRIETA
SIN,NOGALES,04BNV-230,Buenavista,CANANEA
SIN,NOGALES,04EFR-230,El Fresnal,AGUA PRIETA
SIN,NOGALES,04IMR-115,Imuris,IMURIS
SIN,NOGALES,04ISC-115,Industrial San Carlos,NOGALES
SIN,NOGALES,04LCF-230,La Caridad Fundicion,NACOZARI DE GARCIA
SIN,NOGALES,04LDO-115,Luis Donaldo Colosio,MAGDALENA
SIN,NOGALES,04MDD-230,Maniobras Don Diego,BENJAMIN HILL
SIN,NOGALES,04MNV-230,Maniobras AT Solar V,PITIQUITO
SIN,NOGALES,04NGN-115,Nogales Norte,NOGALES
SIN,NOGALES,04NGS-115,Nogales,NOGALES
SIN,NOGALES,04NNG-115,Nuevo Nogales,NOGALES
SIN,NOGALES,04NPO-115,Nuevo Progreso,AGUA PRIETA
SIN,NOGALES,04NRI-230,Nacozari,NACOZARI DE GARCIA
SIN,NOGALES,04OBS-230,Observatorio,CANANEA
SIN,NOGALES,04OCU-115,Ocuca,TRINCHERAS
SIN,NOGALES,04SCN-115,Subestacion Cananea,CANANEA
SIN,NOGALES,04SCN-230,Subestacion Cananea,CANANEA
SIN,NOGALES,04STA-115,Santa Ana,SANTA ANA
SIN,OBREGON,04BND-115,Banderas,CAJEME
SIN,OBREGON,04CAJ-115,Cajeme,CAJEME
SIN,OBREGON,04CCI-115,Cocori,CAJEME
SIN,OBREGON,04COC-115,Ciudad Obregon Cuatro,CAJEME
SIN,OBREGON,04COD-115,Ciudad Obregon Dos,CAJEME
SIN,OBREGON,04COT-115,Ciudad Obregon Tres,CAJEME
SIN,OBREGON,04HDS-115,Hierro de Sonora,CAJEME
SIN,OBREGON,04MBL-115,Maniobras Bluemex,EMPALME
SIN,OBREGON,04MCO-115,Maniobras Cervecera Obregon,CAJEME
SIN,OBREGON,04NNR-115,Nainari,CAJEME
SIN,OBREGON,04OBU-115,Obregon Uno,CAJEME
SIN,OBREGON,04OVI-115,Oviachic,CAJEME
SIN,OBREGON,04PRG-115,Progreso,CAJEME
SIN,OBREGON,04PRO-115,Providencia,CAJEME
SIN,OBREGON,04TBR-115,Tobarito,CAJEME
SIN,OBREGON,04TTB-115,Tetabiate,CAJEME
SIN,OBREGON,04VCM-115,Vicam,GUAYMAS
SIN,OBREGON,04VDY-115,Valle del Yaqui,CAJEME
SIN,OBREGON,04VGU-115,Villa de Guadalupe,BACUM
SIN,OBREGON,04VYD-115,Valle del Yaqui Dos,CAJEME
SIN,CAMARGO,05ABG-115,Abraham Gonzalez,CAMARGO
SIN,CAMARGO,05ALV-115,Altavista,HIDALGO DEL PARRAL
SIN,CAMARGO,05ARM-115,Armendariz,SAUCILLO
SIN,CAMARGO,05BBA-115,Santa Barbara,SANTA BARBARA
SIN,CAMARGO,05BLV-115,Simon Bolivar,MATAMOROS
SIN,CAMARGO,05BOQ-115,Boquilla,SAN FRANCISCO DE CONCHOS
SIN,CAMARGO,05BUF-115,Bufalo,ALLENDE
SIN,CAMARGO,05CAT-115,Catedral,GUADALUPE Y CALVO
SIN,CAMARGO,05CGD-115,Camargo Dos,CAMARGO
SIN,CAMARGO,05CGU-115,Camargo Uno,CAMARGO
SIN,CAMARGO,05CLN-115,Colina Planta,SAN FRANCISCO DE CONCHOS
SIN,CAMARGO,05CMN-115,Cuadro de Maniobras Naica,DELICIAS
SIN,CAMARGO,05DEL-115,Delicias,DELICIAS
SIN,CAMARGO,05DLD-115,Delicias Dos,DELICIAS
SIN,CAMARGO,05DUR-115,Duraplay,HIDALGO DEL PARRAL
SIN,CAMARGO,05ESC-115,Escalon,JIMENEZ
SIN,CAMARGO,05FVL-115,Francisco Villa,DELICIAS
SIN,CAMARGO,05FVL-230,Francisco Villa,DELICIAS
SIN,CAMARGO,05GCH-115,Guachochi,GUACHOCHI
SIN,CAMARGO,05GVD-115,Guanacevi Durango,GUANACEVI
SIN,CAMARGO,05GVI-115,Guanacevi,GUANACEVI
SIN,CAMARGO,05HCL-230,Hercules,SIERRA MOJADA
SIN,CAMARGO,05JEZ-115,Jimenez,JIMENEZ
SIN,CAMARGO,05KOO-115,Kilometro 88,DELICIAS
SIN,CAMARGO,05LCS-115,Lazaro Cardenas,JULIMES
SIN,CAMARGO,05LPL-115,La Perla,CAMARGO
SIN,CAMARGO,05MOQ-115,Meoqui,MEOQUI
SIN,CAMARGO,05NAI-115,Naica,DELICIAS
SIN,CAMARGO,05NHO-115,Nuevo Holanda,OJINAGA
SIN,CAMARGO,05OAS-115,Oasis,CHIHUAHUA
SIN,CAMARGO,05OJI-115,Ojinaga,OJINAGA
SIN,CAMARGO,05PAR-115,Parral,HIDALGO DEL PARRAL
SIN,CAMARGO,05PTJ-115,Puerto Justo,OCAMPO
SIN,CAMARGO,05RIF-115,Rio Florido,JIMENEZ
SIN,CAMARGO,05SAJ-115,San Julian,GUADALUPE Y CALVO
SIN,CAMARGO,05SFO-115,San Francisco Del Oro,SAN FRANCISCO DEL ORO
SIN,CAMARGO,05SGU-115,Santiago Uno,SAN FRANCISCO DEL ORO
SIN,CAMARGO,05SMO-115,Santa Maria del Oro,EL ORO
SIN,CAMARGO,05THS-115,Tres Hermanos,ALDAMA
SIN,CAMARGO,05TRE-115,El Trebol,OJINAGA
SIN,CAMARGO,05TSM-115,Cuadro de Maniobras Rancho el Trece Solar,CAMARGO
SIN,CAMARGO,05VCM-115,Vichisa Maniobras,MEOQUI
SIN,CAMARGO,05WRA-115,Wrangler,DELICIAS
SIN,CASAS GRANDES,05AON-115,Ascencion,ASCENSION
SIN,CASAS GRANDES,05BJZ-115,Benito Juarez,BUENAVENTURA
SIN,CASAS GRANDES,05BSM-115,Bismark,ASCENSION
SIN,CASAS GRANDES,05CGR-115,Casas Grandes,CASAS GRANDES
SIN,CASAS GRANDES,05CUA-115,Las Cuatas,AHUMADA
SIN,CASAS GRANDES,05GAV-115,Gavilan,AHUMADA
SIN,CASAS GRANDES,05GNA-115,Galeana,GALEANA
SIN,CASAS GRANDES,05JOS-115,Janos,JANOS
SIN,CASAS GRANDES,05LAP-115,La Palma,AHUMADA
SIN,CASAS GRANDES,05LSA-115,La Salada,ASCENSION
SIN,CASAS GRANDES,05MCZ-115,Moctezuma,AHUMADA
SIN,CASAS GRANDES,05MCZ-230,Moctezuma,AHUMADA
SIN,CASAS GRANDES,05MMS-230,Maniobras Santa Maria,GALEANA
SIN,CASAS GRANDES,05MTV-115,Monteverde,JANOS
SIN,CASAS GRANDES,05PMS-115,Palomas,ASCENSION
SIN,CASAS GRANDES,05SBV-115,San Buenaventura,BUENAVENTURA
SIN,CASAS GRANDES,05SSM-115,Santos Solar Maniobras,AHUMADA
SIN,CASAS GRANDES,05VAH-115,Villa Ahumada,AHUMADA
SIN,CASAS GRANDES,05VEZ-115,Valle La Esperanza,AHUMADA
SIN,CASAS GRANDES,05VSM-115,Vado Santa Maria,BUENAVENTURA
SIN,CHIHUAHUA,05ALT-115,Altec,CHIHUAHUA
SIN,CHIHUAHUA,05AMA-115,Aldama,ALDAMA
SIN,CHIHUAHUA,05AMR-115,Americas,CHIHUAHUA
SIN,CHIHUAHUA,05AUM-115,Auma,CHIHUAHUA
SIN,CHIHUAHUA,05BAF-115,Bafar,CHIHUAHUA
SIN,CHIHUAHUA,05CAS-115,Carolinas,CHIHUAHUA
SIN,CHIHUAHUA,05CCD-115,Concordia,CHIHUAHUA
SIN,CHIHUAHUA,05CCU-115,Cementos Chihuahua,CHIHUAHUA
SIN,CHIHUAHUA,05CHU-230,Chuviscar,CHIHUAHUA
SIN,CHIHUAHUA,05CIN-115,Complejo Industrial,CHIHUAHUA
SIN,CHIHUAHUA,05COM-115,Componentes,CHIHUAHUA
SIN,CHIHUAHUA,05CPN-115,Chihuahua Poniente,CHIHUAHUA
SIN,CHIHUAHUA,05CSG-115,Complejo De Seguridad,CHIHUAHUA
SIN,CHIHUAHUA,05CUN-115,Chihuahua Norte,CHIHUAHUA
SIN,CHIHUAHUA,05CUP-115,Chihuahua Planta,CHIHUAHUA
SIN,CHIHUAHUA,05END-230,Encino Dos,AQUILES SERDAN
SIN,CHIHUAHUA,05ENO-230,Encino,AQUILES SERDAN
SIN,CHIHUAHUA,05ESZ-115,El Sauz,CHIHUAHUA
SIN,CHIHUAHUA,05FMR-115,Fuentes Mares,CHIHUAHUA
SIN,CHIHUAHUA,05FPD-115,Ford Planta Dos,CHIHUAHUA
SIN,CHIHUAHUA,05FRD-115,Ford,CHIHUAHUA
SIN,CHIHUAHUA,05GTR-115,General Trias,SANTA ISABEL
SIN,CHIHUAHUA,05HDS-115,Haciendas,CHIHUAHUA
SIN,CHIHUAHUA,05HNW-115,Honeywell,CHIHUAHUA
SIN,CHIHUAHUA,05ISD-115,Industrias Superior II,CHIHUAHUA
SIN,CHIHUAHUA,05ISP-115,Industrias Superior,CHIHUAHUA
SIN,CHIHUAHUA,05ITC-115,Interceramic,CHIHUAHUA
SIN,CHIHUAHUA,05JAB-115,Jabil,CHIHUAHUA
SIN,CHIHUAHUA,05LEN-230,Laguna Encinillas,CHIHUAHUA
SIN,CHIHUAHUA,05MTR-115,Motorola,CHIHUAHUA
SIN,CHIHUAHUA,05NDD-115,Nombre de Dios,CHIHUAHUA
SIN,CHIHUAHUA,05OCP-115,Ocampo,CHIHUAHUA
SIN,CHIHUAHUA,05PCH-115,Papelera de Chihuahua,CHIHUAHUA
SIN,CHIHUAHUA,05PMR-115,Palomar,CHIHUAHUA
SIN,CHIHUAHUA,05PPS-115,Paneles Ponderosa,CHIHUAHUA
SIN,CHIHUAHUA,05RNN-115,Robinson,CHIHUAHUA
SIN,CHIHUAHUA,05SAU-115,Saucito,CHIHUAHUA
SIN,CHIHUAHUA,05TBL-115,Tabalaopa,CHIHUAHUA
SIN,CHIHUAHUA,05VIT-115,Vitromex,CHIHUAHUA
SIN,CHIHUAHUA,05VTL-115,Victaulic,CHIHUAHUA
SIN,CUAUHTEMOC,05AGE-115,Agnico Eagle,OCAMPO
SIN,CUAUHTEMOC,05ARE-115,Arenales,CUAUHTEMOC
SIN,CUAUHTEMOC,05AVO-115,Alvaro Obregon,CUAUHTEMOC
SIN,CUAUHTEMOC,05BAS-115,Basaseachic,OCAMPO
SIN,CUAUHTEMOC,05CHC-115,Cuauhtemoc,CUAUHTEMOC
SIN,CUAUHTEMOC,05CHD-115,Cuauhtemoc Dos,CUAUHTEMOC
SIN,CUAUHTEMOC,05CON-115,Concheño,OCAMPO
SIN,CUAUHTEMOC,05CRC-115,Carichic,CARICHI
SIN,CUAUHTEMOC,05CRL-115,Creel,BOCOYNA
SIN,CUAUHTEMOC,05DIV-115,Divisadero,URIQUE
SIN,CUAUHTEMOC,05GML-115,Gammon Lake,OCAMPO
SIN,CUAUHTEMOC,05LEO-115,Leoni Cable,CUAUHTEMOC
SIN,CUAUHTEMOC,05LZM-115,Lopez Mateos,GUERRERO
SIN,CUAUHTEMOC,05MBA-115,Manitoba,CUAUHTEMOC
SIN,CUAUHTEMOC,05MCO-115,Maniobras Ciento Ocho,CUAUHTEMOC
SIN,CUAUHTEMOC,05MEN-115,Menonita,NAMIQUIPA
SIN,CUAUHTEMOC,05NCB-115,Nicolas Bravo,MADERA
SIN,CUAUHTEMOC,05NQA-115,Namiquipa,NAMIQUIPA
SIN,CUAUHTEMOC,05PAL-115,Palmarejo,URIQUE
SIN,CUAUHTEMOC,05RCS-115,Ruiz Cortines,NAMIQUIPA
SIN,CUAUHTEMOC,05SFB-115,San Francisco De Borja,SAN FRANCISCO DE BORJA
SIN,CUAUHTEMOC,05YEP-115,Yepachi,TEMOSACHIC
SIN,DURANGO,05AMN-115,Amado Nervo,NOMBRE DE DIOS
SIN,DURANGO,05BAC-115,Bacis,OTAEZ
SIN,DURANGO,05CDM-115,Cerro del Mercado,DURANGO
SIN,DURANGO,05CHA-115,Charcos,MEZQUITAL
SIN,DURANGO,05CHL-115,Chipilo,CHALCHIHUITES
SIN,DURANGO,05CID-115,Cienega Dos,CANELAS
SIN,DURANGO,05CIE-115,Cienegas,CANELAS
SIN,DURANGO,05CLI-115,Centro Logistico e Industrial de Durango,DURANGO
SIN,DURANGO,05CME1115,Cerro del Mercado,DURANGO
SIN,DURANGO,05CND-115,Canatlan Dos,CANATLAN
SIN,DURANGO,05DGD-115,Durango Dos,DURANGO
SIN,DURANGO,05DGU-115,Durango Uno,DURANGO
SIN,DURANGO,05ESL-115,El Salto,PUEBLO NUEVO
SIN,DURANGO,05GDN-115,Guadiana,DURANGO
SIN,DURANGO,05GVR-115,Guadalupe Victoria,GUADALUPE VICTORIA
SIN,DURANGO,05INW-115,International Wire,DURANGO
SIN,DURANGO,05LAF-115,La Flor,DURANGO
SIN,DURANGO,05LPA-115,La Parrilla,NOMBRE DE DIOS
SIN,DURANGO,05LTR-230,La Trinidad,DURANGO
SIN,DURANGO,05MAC-115,Maniobras Centauro,DURANGO
SIN,DURANGO,05MDT-115,Mina Del Toro,CHALCHIHUITES
SIN,DURANGO,05MGA-230,Cuadro de Maniobras Guadalupe Aguilera,CANATLAN
SIN,DURANGO,05MIL-115,Milenio,DURANGO
SIN,DURANGO,05MRT-115,San Martin,SOMBRERETE
SIN,DURANGO,05MSS-115,Masisa,DURANGO
SIN,DURANGO,05MVC-115,Maniobras Versalles de las Cuatas,DURANGO
SIN,DURANGO,05NID-115,Nuevo Ideal,NUEVO IDEAL
SIN,DURANGO,05QDO-115,Quince de Octubre,DURANGO
SIN,DURANGO,05SAB-115,Sabinas,SOMBRERETE
SIN,DURANGO,05SGP-115,Santiago Papasquiaro,SANTIAGO PAPASQUIARO
SIN,DURANGO,05SOM-115,Sombrerete,SOMBRERETE
SIN,DURANGO,05VGR-115,Vicente Guerrero,VICENTE GUERRERO
SIN,JUAREZ,05AEP-115,Aeropuerto,JUAREZ
SIN,JUAREZ,05ALI-115,Automotive Lighting,JUAREZ
SIN,JUAREZ,05AZT-115,Aztecas,JUAREZ
SIN,JUAREZ,05CAR-115,Cartagena,JUAREZ
SIN,JUAREZ,05CEJ-115,Cereso Juarez,JUAREZ
SIN,JUAREZ,05CJM-115,Conejos Medanos,JUAREZ
SIN,JUAREZ,05CLG-115,Colegio,JUAREZ
SIN,JUAREZ,05CME2115,Cuadro de Maniobras Electrolux,JUAREZ
SIN,JUAREZ,05CMF-115,Cuadro De Manionbras Foxconn,JUAREZ
SIN,JUAREZ,05CMS-115,Cementos Samalayuca,JUAREZ
SIN,JUAREZ,05CUE-115,Cuesta,JUAREZ
SIN,JUAREZ,05CVA-115,Chavena,JUAREZ
SIN,JUAREZ,05CZL-115,Chamizal,JUAREZ
SIN,JUAREZ,05DLP-115,Delphi,JUAREZ
SIN,JUAREZ,05DUN-115,Dunas,JUAREZ
SIN,JUAREZ,05FLE-115,Flextronics,JUAREZ
SIN,JUAREZ,05FTS-115,Fuentes,JUAREZ
SIN,JUAREZ,05FXD-115,Foxconn Dos,JUAREZ
SIN,JUAREZ,05GEM-115,Geminis,JUAREZ
SIN,JUAREZ,05GJO-115,Granjeros,JUAREZ
SIN,JUAREZ,05IGS-115,Insurgentes,JUAREZ
SIN,JUAREZ,05INJ-115,Industrial Juarez,JUAREZ
SIN,JUAREZ,05INO-115,Parque Industrial del Norte,JUAREZ
SIN,JUAREZ,05INS-115,Intermex Sur,JUAREZ
SIN,JUAREZ,05LAG-115,Lagos,JUAREZ
SIN,JUAREZ,05LEX-115,Lexmark,JUAREZ
SIN,JUAREZ,05LTD-115,Libertad,JUAREZ
SIN,JUAREZ,05LXD-115,Lexmark Dos,JUAREZ
SIN,JUAREZ,05MBO-230,Cuadro de Maniobras Border,JUAREZ
SIN,JUAREZ,05MED-115,Medanos,JUAREZ
SIN,JUAREZ,05NCE-230,Norte Cerezo,JUAREZ
SIN,JUAREZ,05OTV-115,Oriente XXI,JUAREZ
SIN,JUAREZ,05PAT-115,Patria,JUAREZ
SIN,JUAREZ,05PQE-115,Parque,JUAREZ
SIN,JUAREZ,05PRR-115,Porvenir,PRAXEDIS G. GUERRERO
SIN,JUAREZ,05ROB-115,Robert Bosch,JUAREZ
SIN,JUAREZ,05RVA-115,Rivereña,JUAREZ
SIN,JUAREZ,05SID-115,San Isidro,GUADALUPE
SIN,JUAREZ,05SIG-115,San Ignacio,PRAXEDIS G. GUERRERO
SIN,JUAREZ,05SJE-115,San Jeronimo,JUAREZ
SIN,JUAREZ,05SVC-115,Salvacar,JUAREZ
SIN,JUAREZ,05SYC-230,Samalayuca Planta,JUAREZ
SIN,JUAREZ,05SYD-230,Samalayuca dos,JUAREZ
SIN,JUAREZ,05SZL-115,Sauzal,JUAREZ
SIN,JUAREZ,05TEC-115,Tecnologico,JUAREZ
SIN,JUAREZ,05TER-115,Terranova,JUAREZ
SIN,JUAREZ,05TOR-115,Torres,JUAREZ
SIN,JUAREZ,05VIU-115,Verde Independencia Uno,JUAREZ
SIN,JUAREZ,05WER-115,Werner,JUAREZ
SIN,JUAREZ,05ZZA-115,Zaragoza,JUAREZ
SIN,LAGUNA,05ABA-115,Abastos,TORREON
SIN,LAGUNA,05ADI-115,Arcadio,MATAMOROS
SIN,LAGUNA,05ALL-115,Allende Coahuila,TORREON
SIN,LAGUNA,05AMS-115,Alamos,GOMEZ PALACIO
SIN,LAGUNA,05AND-230,Andalucia,MATAMOROS
SIN,LAGUNA,05BAT-115,Batopilas,FRANCISCO I. MADERO
SIN,LAGUNA,05BER-115,Bermejillo,MAPIMI
SIN,LAGUNA,05CEB-115,Ceballos,MAPIMI
SIN,LAGUNA,05CEM-115,Cementos,TORREON
SIN,LAGUNA,05CFN-115,California,TORREON
SIN,LAGUNA,05CLA-115,Complejo Lala,TORREON
SIN,LAGUNA,05CML-115,Cuadro de Maniobras La Loma,LERDO
SIN,LAGUNA,05CRN-115,Coronel,GOMEZ PALACIO
SIN,LAGUNA,05CZU-115,Chavez,FRANCISCO I. MADERO
SIN,LAGUNA,05DGN-115,Diagonal,TORREON
SIN,LAGUNA,05DIN-115,Dinamita,GOMEZ PALACIO
SIN,LAGUNA,05DPH-115,Delphi,TORREON
SIN,LAGUNA,05EDU-115,Escuadron 201,MATAMOROS
SIN,LAGUNA,05ELP-115,El Pilar,TLAHUALILO
SIN,LAGUNA,05ELV-115,El Vergel,GOMEZ PALACIO
SIN,LAGUNA,05EZT-115,Emiliano Zapata,VIESCA
SIN,LAGUNA,05FRC-115,Francke,GOMEZ PALACIO
SIN,LAGUNA,05FZA-115,Francisco Zarco,GOMEZ PALACIO
SIN,LAGUNA,05GPL-115,Gomez Palacio,GOMEZ PALACIO
SIN,LAGUNA,05GPL-230,Gomez Palacio,GOMEZ PALACIO
SIN,LAGUNA,05JAR-115,Jardin,LERDO
SIN,LAGUNA,05JND-115,John Deere,TORREON
SIN,LAGUNA,05LAL-115,Lala,GOMEZ PALACIO
SIN,LAGUNA,05LED-230,Lerdo,LERDO
SIN,LAGUNA,05LGA-115,La Laguna,GOMEZ PALACIO
SIN,LAGUNA,05LGD-115,Laguna Dos,GOMEZ PALACIO
SIN,LAGUNA,05LGM-115,Leon Guzman,LERDO
SIN,LAGUNA,05LGS-115,Laguna Solar,MATAMOROS
SIN,LAGUNA,05LJT-115,Lajat,TORREON
SIN,LAGUNA,05LRE-115,Laguna Del Rey,OCAMPO
SIN,LAGUNA,05LRT-115,La Rosita,MATAMOROS
SIN,LAGUNA,05LSC-115,Laguna Seca,VIESCA
SIN,LAGUNA,05LUC-115,El Lucero,GOMEZ PALACIO
SIN,LAGUNA,05MAT-115,Matamoros,MATAMOROS
SIN,LAGUNA,05MAU-115,Minera Autlan,GOMEZ PALACIO
SIN,LAGUNA,05MAY-115,Mayran,SAN PEDRO
SIN,LAGUNA,05MIR-115,Miravalle,GOMEZ PALACIO
SIN,LAGUNA,05MLU-230,Maniobras La Lucha,MAPIMI
SIN,LAGUNA,05MMI-115,Maniobras Mieleras,TORREON
SIN,LAGUNA,05MVI-400,Cuadro de Maniobras Villa Nueva,TORREON
SIN,LAGUNA,05PDA-115,Pedricena,CUENCAME
SIN,LAGUNA,05PEL-230,Penoles,TORREON
SIN,LAGUNA,05PHS-115,Philips,GOMEZ PALACIO
SIN,LAGUNA,05PLA-115,Paila,PARRAS
SIN,LAGUNA,05PPR-115,Popular,GOMEZ PALACIO
SIN,LAGUNA,05PRA-115,Parras,PARRAS
SIN,LAGUNA,05PSA-115,Paso Del Aguila,TORREON
SIN,LAGUNA,05REM-115,Regio Marmol,GOMEZ PALACIO
SIN,LAGUNA,05RLU-115,Rancho Lucero,GOMEZ PALACIO
SIN,LAGUNA,05SCT-115,Sacramento,GOMEZ PALACIO
SIN,LAGUNA,05SPD-115,San Pedro,SAN PEDRO
SIN,LAGUNA,05TAK-115,Takata,TORREON
SIN,LAGUNA,05TMA-115,Tres Manantiales,FRANCISCO I. MADERO
SIN,LAGUNA,05TOT-115,Torreon Oriente,TORREON
SIN,LAGUNA,05TRR-115,Torreon,TORREON
SIN,LAGUNA,05VAE-115,Valle Verde,TORREON
SIN,LAGUNA,05YMO-115,Yermo,MAPIMI
SIN,AGUASCALIENTES,03AGN-115,Aguascalientes Norte,AGUASCALIENTES
SIN,AGUASCALIENTES,03AGO-115,Agostaderito,AGUASCALIENTES
SIN,AGUASCALIENTES,03AGP-115,Aguascalientes Poniente,AGUASCALIENTES
SIN,AGUASCALIENTES,03AGS-115,Aguascalientes,AGUASCALIENTES
SIN,AGUASCALIENTES,03AIS-115,Alfa Nissan,AGUASCALIENTES
SIN,AGUASCALIENTES,03ALF-115,Nissan Mexicana,AGUASCALIENTES
SIN,AGUASCALIENTES,03APT-115,Aguascalientes Potencia,AGUASCALIENTES
SIN,AGUASCALIENTES,03APT-230,Aguascalientes Potencia,AGUASCALIENTES
SIN,AGUASCALIENTES,03ASS-115,Aguascalientes Sur,AGUASCALIENTES
SIN,AGUASCALIENTES,03ASU-115,Asuncion,AGUASCALIENTES
SIN,AGUASCALIENTES,03AYU-115,Ayuntamiento,AGUASCALIENTES
SIN,AGUASCALIENTES,03BOL-115,Min y Minas Mexicana,AGUASCALIENTES
SIN,AGUASCALIENTES,03CUB-115,Cumbres,AGUASCALIENTES
SIN,AGUASCALIENTES,03CVO-115,Calvillo,CALVILLO
SIN,AGUASCALIENTES,03CZA-230,Cruz Azul,JESUS MARIA
SIN,AGUASCALIENTES,03ENC-115,Encarnacion de Diaz,ENCARNACION DE DIAZ
SIN,AGUASCALIENTES,03GOP-115,Gomez Portugal,JESUS MARIA
SIN,AGUASCALIENTES,03HOM-230,Horus Maniobras,AGUASCALIENTES
SIN,AGUASCALIENTES,03ISF-115,Industrial San Francisco,SAN FRANCISCO DE LOS ROMO
SIN,AGUASCALIENTES,03JAP-115,Jalpa,JALPA
SIN,AGUASCALIENTES,03JAT-115,Jatco Mexico,AGUASCALIENTES
SIN,AGUASCALIENTES,03JTC-115,Jatco,AGUASCALIENTES
SIN,AGUASCALIENTES,03KDA-230,Cañada,AGUASCALIENTES
SIN,AGUASCALIENTES,03LOR-115,Loreto,ASIENTOS
SIN,AGUASCALIENTES,03MAH-115,Mahle Comp Motor Mex,AGUASCALIENTES
SIN,AGUASCALIENTES,03MDM-115,Moto Diesel Mexicana,AGUASCALIENTES
SIN,AGUASCALIENTES,03MPM-400,Maniobras Pachamama,AGUASCALIENTES
SIN,AGUASCALIENTES,03MRE-115,Morelos,AGUASCALIENTES
SIN,AGUASCALIENTES,03MRS-115,Las Margaritas,JESUS MARIA
SIN,AGUASCALIENTES,03MSL-230,Maniobras Solem,EL LLANO
SIN,AGUASCALIENTES,03NSS-115,Nissan,AGUASCALIENTES
SIN,AGUASCALIENTES,03OJU-115,Ojuelos,OJUELOS DE JALISCO
SIN,AGUASCALIENTES,03OMG-115,Omega,AGUASCALIENTES
SIN,AGUASCALIENTES,03PAB-115,Pabellon,PABELLON DE ARTEAGA
SIN,AGUASCALIENTES,03PAO-115,Palo Alto,EL LLANO
SIN,AGUASCALIENTES,03PEN1115,Peñuelas,AGUASCALIENTES
SIN,AGUASCALIENTES,03POM-400,Potrero Maniobras,UNION DE SAN ANTONIO
SIN,AGUASCALIENTES,03SAN-115,San Antonio,TEPEZALA
SIN,AGUASCALIENTES,03SFC-115,Mina Santa Francisca,ASIENTOS
SIN,AGUASCALIENTES,03SFR-115,San Francisco de los Romos,SAN FRANCISCO DE LOS ROMO
SIN,AGUASCALIENTES,03STE-115,El Salitre,CALVILLO
SIN,AGUASCALIENTES,03TAG-115,Tecnologico Aguascalientes,AGUASCALIENTES
SIN,AGUASCALIENTES,03TAY-115,El Taray,AGUASCALIENTES
SIN,AGUASCALIENTES,03TCN-115,El Tecuan,ENCARNACION DE DIAZ
SIN,AGUASCALIENTES,03TXS-115,Texas Intruments,AGUASCALIENTES
SIN,AGUASCALIENTES,03VDL-115,Valle de las Delicias,RINCON DE ROMOS
SIN,AGUASCALIENTES,03VJU-115,Villa Juarez,ASIENTOS
SIN,AGUASCALIENTES,03VQM-230,Vaquerias Maniobras,AGUASCALIENTES
SIN,APATZINGAN,03ADR-69,Ario de Rosales,ARIO
SIN,APATZINGAN,03ANN-115,"Antunez, Micoacan.",BUENAVISTA
SIN,APATZINGAN,03APZ-115,Apatzingan uno,APATZINGAN
SIN,APATZINGAN,03CBN-69,Cobano,GABRIEL ZAMORA
SIN,APATZINGAN,03CCR-115,Crucero,APATZINGAN
SIN,APATZINGAN,03CHC-69,Cerro Hueco,TACAMBARO
SIN,APATZINGAN,03CON-115,Colima Norte,COLIMA
SIN,APATZINGAN,03CPT-161,Cupatitzio,GABRIEL ZAMORA
SIN,APATZINGAN,03DSC-69,Descansadero,ARTEAGA
SIN,APATZINGAN,03HUC-69,Huacana,LA HUACANA
SIN,APATZINGAN,03ING-69,Inguaran,LA HUACANA
SIN,APATZINGAN,03LMB-69,Lombardia,GABRIEL ZAMORA
SIN,APATZINGAN,03NVI-69,Nueva Italia,MUGICA
SIN,APATZINGAN,03PAD-115,Pradera,APATZINGAN
SIN,APATZINGAN,03PIZ-115,Pinzandaro,BUENAVISTA
SIN,APATZINGAN,03PUU-69,Puruaran,TURICATO
SIN,APATZINGAN,03TPD-115,Tepalcatepec Dos,TEPALCATEPEC
SIN,APATZINGAN,03VAV-115,Valle Verde,APATZINGAN
SIN,CELAYA,03AAD-115,Amistad Dos,CELAYA
SIN,CELAYA,03AMB-115,Amistad Bajio,CELAYA
SIN,CELAYA,03API-115,Parque Industrial Colina de Apaseo.,APASEO EL GRANDE
SIN,CELAYA,03APO-115,Apaseo Oriente,APASEO EL ALTO
SIN,CELAYA,03APS-115,Apaseo,APASEO EL ALTO
SIN,CELAYA,03AXH-115,Amexhe,APACEO EL GRANDE
SIN,CELAYA,03BRN-115,Burner Syst Inter Mexico,APASEO EL GRANDE
SIN,CELAYA,03CAE-115,Celaya Aeropuerto,CELAYA
SIN,CELAYA,03CHI-115,Chipilo,SAN MIGUEL DE ALLENDE
SIN,CELAYA,03CLF-115,La California,DOLORES HIDALGO CUNA DE LA INDEPENDENCIA NACIONAL
SIN,CELAYA,03CLP-115,Celaya Poniente,CELAYA
SIN,CELAYA,03CLY-115,Celaya,CELAYA
SIN,CELAYA,03CTI-115,Conticon,VILLAGRAN
SIN,CELAYA,03CYA-115,Celaya Dos,CELAYA
SIN,CELAYA,03CYI-115,Celaya Industrial,CELAYA
SIN,CELAYA,03CYS-115,Celaya Sur,CELAYA
SIN,CELAYA,03CZR-115,Cortazar,CELAYA
SIN,CELAYA,03DEC-230,DeAcero Celaya,VILLAGRAN
SIN,CELAYA,03DHD-115,Dolores Hidalgo,DOLORES HIDALGO CUNA DE LA INDEPENDENCIA NACIONAL
SIN,CELAYA,03EME-115,Empalme Escobedo,CELAYA
SIN,CELAYA,03FSM-115,Fipe San Miguel,CELAYA
SIN,CELAYA,03GKN-115,MGK Autopartes,VILLAGRAN
SIN,CELAYA,03HDA-115,Hacienda,CELAYA
SIN,CELAYA,03HND-115,Honda,CELAYA
SIN,CELAYA,03ICB-115,Industrial Central Bajio,SAN MIGUEL DE ALLENDE
SIN,CELAYA,03MAB1115,Mabe,CELAYA
SIN,CELAYA,03MAL-115,San Miguel Allende,SAN MIGUEL DE ALLENDE
SIN,CELAYA,03MRC-115,Marabis Comonfort,COMONFORT
SIN,CELAYA,03PEM-115,Pemsa,CELAYA
SIN,CELAYA,03POL-115,Polivin,APASEO EL GRANDE
SIN,CELAYA,03POT-115,Proteino,APASEO EL GRANDE
SIN,CELAYA,03SCZ-115,Santa Cruz,SANTA CRUZ DE JUVENTINO ROSAS
SIN,CELAYA,03SFL-115,San Felipe,SAN FELIPE
SIN,CELAYA,03SIB-230,Siderurgica del Bajio,CELAYA
SIN,CELAYA,03SMS-115,San Miguel Allende Sur,SAN MIGUEL DE ALLENDE
SIN,CELAYA,03VEL-115,Verl-Polr,CELAYA
SIN,CELAYA,03VIG-115,Villagran,VILLAGRAN
SIN,CIENEGA,03ACC-69,Aceros Corey,EL SALTO
SIN,CIENEGA,03ADE-115,San Andres,OCOTLAN
SIN,CIENEGA,03ALM-69,Almeira,ZACOALCO DE TORRES
SIN,CIENEGA,03ATQ-230,Atequiza,EL SALTO
SIN,CIENEGA,03CEE-115,Creel,PONCITLAN
SIN,CIENEGA,03CHA-69,Chapala,CHAPALA
SIN,CIENEGA,03CLA-115,Cocula,COCULA
SIN,CIENEGA,03COC-69,Corporacion de Occidente,EL SALTO
SIN,CIENEGA,03CST-69,Castillo,EL SALTO
SIN,CIENEGA,03CTA-69,Catarina,ZACOALCO DE TORRES
SIN,CIENEGA,03CZO-115,Cuitzeo,PONCITLAN
SIN,CIENEGA,03EDO-69,Edosa,IXTLAHUACAN DE LOS MEMBRILLOS
SIN,CIENEGA,03EFF-115,Effem,PONCITLAN
SIN,CIENEGA,03EMM-115,Emman,PONCITLAN
SIN,CIENEGA,03EMP-69,Empaques Modernos,EL SALTO
SIN,CIENEGA,03ESJ-69,El Salto Jalisco,EL SALTO
SIN,CIENEGA,03EVS-69,Envases Universales,EL SALTO
SIN,CIENEGA,03GAT-69,Gatorade,IXTLAHUACAN DE LOS MEMBRILLOS
SIN,CIENEGA,03GOS-69,Gosa,EL SALTO
SIN,CIENEGA,03HMA-115,Huntsman,CHAPALA
SIN,CIENEGA,03HON-69,Honda,EL SALTO
SIN,CIENEGA,03HYL-69,Hilasal,EL SALTO
SIN,CIENEGA,03JCT-69,Jocotepec,JOCOTEPEC
SIN,CIENEGA,03LRE-115,La resolana,ACATLAN DE JUAREZ
SIN,CIENEGA,03MCH-69,Mexichem,EL SALTO
SIN,CIENEGA,03OCN-115,Ocotlan,JAMAY
SIN,CIENEGA,03PGN-69,Puente Grande,TONALA
SIN,CIENEGA,03PNC-115,Poncitlan,PONCITLAN
SIN,CIENEGA,03POL-69,Polesa,IXTLAHUACAN DE LOS MEMBRILLOS
SIN,CIENEGA,03PTD-69,Puente Grande Dos,TONALA
SIN,CIENEGA,03SAC-69,Sach,EL SALTO
SIN,CIENEGA,03SAJ-69,San Jorge,TLAJOMULCO DE ZUÑIGA
SIN,CIENEGA,03SCU-69,Santa Cruz,TLAJOMULCO DE ZUÑIGA
SIN,CIENEGA,03TTO-115,Tototlan,TOTOTLAN
SIN,CIENEGA,03ZAD-115,Zapotlanejo Distribucion,ZAPOTLANEJO
SIN,CIENEGA,03ZAL-69,Zoltec de Mexico,EL SALTO
SIN,COLIMA,03AIA-115,Armeria,ARMERIA
SIN,COLIMA,03APP-115,Apasco Particular,TECOMAN
SIN,COLIMA,03ASM-115,Asmoles,COLIMA
SIN,COLIMA,03AZA-115,Alzada,CUAUHTEMOC
SIN,COLIMA,03BCT-115,Bicentenario,COLIMA
SIN,COLIMA,03CHY-115,Coahuayana,COAHUAYANA
SIN,COLIMA,03CMN-115,Coalcoman,COALCOMAN DE VAZQUEZ PALLARES
SIN,COLIMA,03CNO-115,Colima Norte,COLIMA
SIN,COLIMA,03DAM-115,Danisco,TECOMAN
SIN,COLIMA,03ELA-115,La Estrella,PIHUAMO
SIN,COLIMA,03MNT-115,La Minita,COALCOMAN DE VAZQUEZ PALLARES
SIN,COLIMA,03MTE-115,Moralete,COLIMA
SIN,COLIMA,03PAL-115,Peletizadora Alzada,CUAUHTEMOC
SIN,COLIMA,03PEC-115,Peña Colorada,MINATITLAN
SIN,COLIMA,03SCC-115,Subestacion Cuahutemoc,CUAUHTEMOC
SIN,COLIMA,03TEC-115,Tecoman,TECOMAN
SIN,COLIMA,03TOA-115,Tecolapa,TECOMAN
SIN,COLIMA,03VAT2115,Valle de Tecoman,TECOMAN
SIN,COLIMA,03VDA-115,Villa De Alvarez,VILLA DE ALVAREZ
SIN,FRESNILLO,03AEZ-115,Aeropuerto Zacatecas,FRESNILLO
SIN,FRESNILLO,03BON-115,Banon,VILLA DE COS
SIN,FRESNILLO,03CAI-115,Calera Industrial,CALERA
SIN,FRESNILLO,03CAL-115,Calera,CALERA
SIN,FRESNILLO,03FAJ-115,Las Fajas,GENERAL FRANCISCO R. MURGUIA
SIN,FRESNILLO,03FNO-115,Fresnillo Sur,FRESNILLO
SIN,FRESNILLO,03FRI-115,Fresnillo Industrial,FRESNILLO
SIN,FRESNILLO,03FRN-115,Fresnillo Norte,FRESNILLO
SIN,FRESNILLO,03HDZ-115,Los Hernandez,VILLA DE RAMOS
SIN,FRESNILLO,03LAS-115,Laguna Seca,PANUCO
SIN,FRESNILLO,03MGU-115,Miguel Auza,JUAN ALDAMA
SIN,FRESNILLO,03MMJ-115,Maniobras Minera Juanicipio,FRESNILLO
SIN,FRESNILLO,03PNQ-400,Peñasquito,FRESNILLO
SIN,FRESNILLO,03PRL-115,El Pardillo,FRESNILLO
SIN,FRESNILLO,03RAG-115,Rancho Gande,FRESNILLO
SIN,FRESNILLO,03RGR-115,Rio Grande,RIO GRANDE
SIN,FRESNILLO,03RIG-115,Rio Grande Dos,RIO GRANDE
SIN,FRESNILLO,03SJE-115,San Jeronimo,FRESNILLO
SIN,FRESNILLO,03VPS-115,Valparaiso,VALPARAISO
SIN,GUADALAJARA,03ACU-69,Acueducto,ZAPOPAN
SIN,GUADALAJARA,03ADS-69,Andares,ZAPOPAN
SIN,GUADALAJARA,03AGZ-230,Agua Azul,GUADALAJARA
SIN,GUADALAJARA,03ALA-69,Alameda,GUADALAJARA
SIN,GUADALAJARA,03ALK-69,Alcan,SAN PEDRO TLAQUEPAQUE
SIN,GUADALAJARA,03ALS-230,Alamos,GUADALAJARA
SIN,GUADALAJARA,03AMX-69,Almex,GUADALAJARA
SIN,GUADALAJARA,03APR-230,Agua Prieta,ZAPOPAN
SIN,GUADALAJARA,03BUG-69,Bugambilias,TLAJOMULCO DE ZUÑIGA
SIN,GUADALAJARA,03CIG-69,Cigatam,ZAPOPAN
SIN,GUADALAJARA,03CLJ-115,Centro Logistico Jalisco,ACATLAN DE JUAREZ
SIN,GUADALAJARA,03CLL-69,Colimilla,TONALA
SIN,GUADALAJARA,03CLN-230,Colon,GUADALAJARA
SIN,GUADALAJARA,03CMX-69,Cementos Mexicanos,GUADALAJARA
SIN,GUADALAJARA,03CNS-69,Productos Farmaceuticos Collins,ZAPOPAN
SIN,GUADALAJARA,03CUQ-115,Cuquio,CUQUIO
SIN,GUADALAJARA,03ENV-69,Envases Innovativos,EL SALTO
SIN,GUADALAJARA,03EXP-69,La Experiencia,GUADALAJARA
SIN,GUADALAJARA,03FRE-69,Fresno,GUADALAJARA
SIN,GUADALAJARA,03GDO-69,Guadalajara Oriente,TONALA
SIN,GUADALAJARA,03GDU-230,Guadalajara Uno,ZAPOPAN
SIN,GUADALAJARA,03GUD-161,Guadalajara Dos,EL SALTO
SIN,GUADALAJARA,03GUD-69,Guadalajara Dos,EL SALTO
SIN,GUADALAJARA,03GUI-230,Guadalajara Industrial,TLAJOMULCO DE ZUÑIGA
SIN,GUADALAJARA,03GUN-230,Guadalajara Norte,ZAPOPAN
SIN,GUADALAJARA,03GUN-69,Guadalajara Norte,ZAPOPAN
SIN,GUADALAJARA,03HIG-69,Huguerillas,GUADALAJARA
SIN,GUADALAJARA,03HUN-69,Huentitan,GUADALAJARA
SIN,GUADALAJARA,03IBM-69,IBM,SAN PEDRO TLAQUEPAQUE
SIN,GUADALAJARA,03JAG-69,Jaguar,ZAPOPAN
SIN,GUADALAJARA,03JBL-69,Jabil,ZAPOPAN
SIN,GUADALAJARA,03KDK-69,Kodak,ZAPOPAN
SIN,GUADALAJARA,03LEC-69,Lechera GDL,GUADALAJARA
SIN,GUADALAJARA,03LPS-69,Las Pintas,SAN PEDRO TLAQUEPAQUE
SIN,GUADALAJARA,03LYE-400,La Yesca,HOSTOTIPAQUILLO
SIN,GUADALAJARA,03MIL-69,Miravalle,GUADALAJARA
SIN,GUADALAJARA,03MIN-69,Minsa,GUADALAJARA
SIN,GUADALAJARA,03MOD-69,Cervecera Modelo GDL,GUADALAJARA
SIN,GUADALAJARA,03MOJ-69,Mojonera,ZAPOPAN
SIN,GUADALAJARA,03MXJ-69,Mexico,GUADALAJARA
SIN,GUADALAJARA,03NHE-230,Niños Heroes,GUADALAJARA
SIN,GUADALAJARA,03OBL-69,Oblatos,TONALA
SIN,GUADALAJARA,03PNL-69,Penal,GUADALAJARA
SIN,GUADALAJARA,03PNR-69,Pinar,ZAPOPAN
SIN,GUADALAJARA,03PQI-69,Parque Industrial,EL SALTO
SIN,GUADALAJARA,03PTE-69,Parque de Tecnologia Electrica,ZAPOPAN
SIN,GUADALAJARA,03RAE-69,Renova Atlatec S.A. de C.V.,GUADALAJARA
SIN,GUADALAJARA,03SAG-69,San Agustin,TLAJOMULCO DE ZUÑIGA
SIN,GUADALAJARA,03SCH-69,Siapa Chapala,CHAPALA
SIN,GUADALAJARA,03SCI-69,Sanmina,TLAJOMULCO DE ZUÑIGA
SIN,GUADALAJARA,03SCR-69,Sci Ref,EL SALTO
SIN,GUADALAJARA,03SIE-69,Siemens,TLAJOMULCO DE ZUÑIGA
SIN,GUADALAJARA,03SIS-69,Sistemas Juarez,SAN PEDRO TLAQUEPAQUE
SIN,GUADALAJARA,03SLT-69,Flextronics Technologies,TLAJOMULCO DE ZUÑIGA
SIN,GUADALAJARA,03SMR-230,San Martin,TONALA
SIN,GUADALAJARA,03SOL-69,El Sol,ZAPOPAN
SIN,GUADALAJARA,03SPB-69,Siapa Toluquilla,SAN PEDRO TLAQUEPAQUE
SIN,GUADALAJARA,03STO-69,Siapa PB-2,SAN PEDRO TLAQUEPAQUE
SIN,GUADALAJARA,03TIM-400,Tierra Mojada,ZAPOTLANEJO
SIN,GUADALAJARA,03TIT-69,Atenquique,SAN PEDRO TLAQUEPAQUE
SIN,GUADALAJARA,03TNI-69,Technicolor mexicana,ZAPOPAN
SIN,GUADALAJARA,03TUZ-230,La Tuzania,ZAPOPAN
SIN,GUADALAJARA,03UAG-69,Univ Autonoma de Guad,ZAPOPAN
SIN,GUADALAJARA,03UVM-69,Universidad del Valle de Mexico,SAN PEDRO TLAQUEPAQUE
SIN,GUADALAJARA,03VID-69,Vidriera Guadalajara,ZAPOPAN
SIN,GUADALAJARA,03ZLT-69,Zalatitan,TONALA
SIN,GUADALAJARA,03ZPA-230,Zapopan,ZAPOPAN
SIN,GUADALAJARA,03ZQP-69,Zoquipan,ZAPOPAN
SIN,IRAPUATO,03ABS-115,Abasolo,ABASOLO
SIN,IRAPUATO,03AIL-115,Agroindustrial,IRAPUATO
SIN,IRAPUATO,03AVT-115,Avantec,SILAO DE LA VICTORIA
SIN,IRAPUATO,03AXL-115,Ameri Axle & Manufacturas de Mexico,SILAO DE LA VICTORIA
SIN,IRAPUATO,03CDR-115,Castro del Rio,IRAPUATO
SIN,IRAPUATO,03CIF-115,Cifunsa del Bajio,IRAPUATO
SIN,IRAPUATO,03CUE-115,Cueramaro,CUERAMARO
SIN,IRAPUATO,03DEN-115,Denso,SILAO DE LA VICTORIA
SIN,IRAPUATO,03DNN-115,Danone de Mexico,IRAPUATO
SIN,IRAPUATO,03GMC-115,General Motors Company,SILAO DE LA VICTORIA
SIN,IRAPUATO,03GRH-115,Graham Packaging Plastic Products,SILAO DE LA VICTORIA
SIN,IRAPUATO,03GSU-115,Guanajuato Sur,GUANAJUATO
SIN,IRAPUATO,03GTO-115,Guanajuato,GUANAJUATO
SIN,IRAPUATO,03HEM-115,Henkel Capital,CELAYA
SIN,IRAPUATO,03HNM-115,Huanimaro,HUANIMARO
SIN,IRAPUATO,03IGC-115,Parque Industrial GTO Central,ACAMBARO
SIN,IRAPUATO,03IPP-115,Irapuato Poniente,IRAPUATO
SIN,IRAPUATO,03IRA-115,Irapuato Dos,IRAPUATO
SIN,IRAPUATO,03IRI-115,Irapuato Industrial,IRAPUATO
SIN,IRAPUATO,03IRP-115,Irapuato,IRAPUATO
SIN,IRAPUATO,03IRV-115,Irapuato Villas,IRAPUATO
SIN,IRAPUATO,03LAL-115,La Loma,QUERETARO
SIN,IRAPUATO,03LCN-115,Las Colinas,SILAO DE LA VICTORIA
SIN,IRAPUATO,03LGL-115,Laguna Larga,PENJAMO
SIN,IRAPUATO,03LPM-115,Lapem,IRAPUATO
SIN,IRAPUATO,03MAZ-115,Mazda,SALAMANCA
SIN,IRAPUATO,03MGM-230,Maniobras GM,SILAO DE LA VICTORIA
SIN,IRAPUATO,03MGT-115,Mbras. Getrag,GUANAJUATO
SIN,IRAPUATO,03MRB-115,Marabis,ABASOLO
SIN,IRAPUATO,03MTK-115,Maniobras Aisin Takaoka,IRAPUATO
SIN,IRAPUATO,03MTO-115,Minera las Torres,GUANAJUATO
SIN,IRAPUATO,03NUM-115,Nucor Maniobras,SILAO DE LA VICTORIA
SIN,IRAPUATO,03PGM-115,Procter & Gamble Maniobras,IRAPUATO
SIN,IRAPUATO,03PIR-115,Pirelli,SILAO DE LA VICTORIA
SIN,IRAPUATO,03PMX-115,Pemex Refineria Subdireccion de Produccion,SALAMANCA
SIN,IRAPUATO,03PNJ-115,Penjamo,PENJAMO
SIN,IRAPUATO,03PNV-115,Pueblo Nuevo,PUEBLO NUEVO
SIN,IRAPUATO,03PTI-115,Puerto Interior,SILAO DE LA VICTORIA
SIN,IRAPUATO,03RTA-115,Romita,ROMITA
SIN,IRAPUATO,03SCG-230,Salamanca Cogeneracion,SALAMANCA
SIN,IRAPUATO,03SFD-115,Santa Fe Dos,IRAPUATO
SIN,IRAPUATO,03SFM-115,Schaeffler Maniobras,IRAPUATO
SIN,IRAPUATO,03SFT-115,Santa Fe III,SILAO DE LA VICTORIA
SIN,IRAPUATO,03SIL-115,Silao,SILAO DE LA VICTORIA
SIN,IRAPUATO,03SLM-115,Salamanca,SALAMANCA
SIN,IRAPUATO,03SLM-230,Salamanca,SALAMANCA
SIN,IRAPUATO,03SLM-400,Salamanca,SALAMANCA
SIN,IRAPUATO,03SLN-115,Salamanca Norte,SALAMANCA
SIN,IRAPUATO,03SPO-115,Salamanca Poniente,SALAMANCA
SIN,IRAPUATO,03SSU-115,Salamanca Sur,SALAMANCA
SIN,IRAPUATO,03TRJ-115,Trejo,SILAO DE LA VICTORIA
SIN,IRAPUATO,03TYA-115,Tacubaya,IRAPUATO
SIN,IRAPUATO,03USM-115,USM de Mexico,SILAO DE LA VICTORIA
SIN,IRAPUATO,03UVX-115,Univex,SALAMANCA
SIN,IRAPUATO,03VWS-115,VW Silao,SILAO DE LA VICTORIA
SIN,IRAPUATO,03VYN-115,Vynmsa,IRAPUATO
SIN,IXMIQUILPAN,03AUD-115,Acueducto Dos,CADEREYTA DE MONTES
SIN,IXMIQUILPAN,03BOQ-115,Boquilla,CADEREYTA DE MONTES
SIN,IXMIQUILPAN,03CMX-230,Cementos Mexicanos,IXMIQUILPAN
SIN,IXMIQUILPAN,03DAN-230,Dañu,NOPALA DE VILLAGRAN
SIN,IXMIQUILPAN,03HCH-115,Huichapan,HUICHAPAN
SIN,IXMIQUILPAN,03HUM-115,Humedades,IXMIQUILPAN
SIN,IXMIQUILPAN,03TCZ-115,Tecozautla,TECOZAUTLA
SIN,IXMIQUILPAN,03VIZ-115,Vizarron,CADEREYTA DE MONTES
SIN,IXMIQUILPAN,03ZIM-115,Zimapan,ZIMAPAN
SIN,IXMIQUILPAN,03ZMN-115,Zimapan,ZIMAPAN
SIN,IXMIQUILPAN,03ZMN-230,Zimapan,ZIMAPAN
SIN,JIQUILPAN,03JIQ-115,Jiquilpan,JIQUILPAN
SIN,JIQUILPAN,03JOG-115,San Jose de Gracia,JIQUILPAN
SIN,JIQUILPAN,03SHY-115,Sahuayo,SAHUAYO
SIN,JIQUILPAN,03VNC-115,Venustiano Carranza,VENUSTIANO CARRANZA
SIN,LEON,03AYA-115,Ayala,LEON
SIN,LEON,03EGJ-115,El Granjeno,LEON
SIN,LEON,03GJA-115,Gran Jardin,LEON
SIN,LEON,03GOC-115,Cerro Gordo,LEON
SIN,LEON,03ICL-115,Industrial Colinas de Leon,LEON
SIN,LEON,03INN-115,Inopack,LEON
SIN,LEON,03JEM-115,Jesus del Monte,SAN FRANCISCO DEL RINCON
SIN,LEON,03LGG-115,Lagos Galera,LAGOS DE MORENO
SIN,LEON,03LGS-115,Lagos de Moreno,LAGOS DE MORENO
SIN,LEON,03LJY-115,La Joya,LEON
SIN,LEON,03LNA-115,Leon Alfaro,LEON
SIN,LEON,03LNM-115,Leon Centro,LEON
SIN,LEON,03LNN-115,Leon Norte,LEON
SIN,LEON,03LNO-115,Leon Oriente,LEON
SIN,LEON,03LNP-115,Leon Poniente,LEON
SIN,LEON,03LNU-115,Leon uno,LEON
SIN,LEON,03LSA-115,Los Sauces,LEON
SIN,LEON,03LTL-115,Las Torres,LEON
SIN,LEON,03LVR-115,La Virgen,LEON
SIN,LEON,03MKI-115,Maniobras Kasai,LEON
SIN,LEON,03MMH-115,Michelín Maniobras,LEON
SIN,LEON,03MRA1115,La Mora,LEON
SIN,LEON,03PAP1115,Parque Piel,LEON
SIN,LEON,03RPI-115,Colinas del Rincon Parque Industrial,SAN FRANCISCO DEL RINCON
SIN,LEON,03RYM-115,Reyma,LEON
SIN,LEON,03SCA-115,San Carlos,LEON
SIN,LEON,03SFQ-115,San Francisco del Rincon,SAN FRANCISCO DEL RINCON
SIN,LEON,03SPL-115,Sapal,LEON
SIN,LEON,03SRQ-115,San Roque,SAN FRANCISCO DEL RINCON
SIN,LEON,03TER-115,Termofil,LEON
SIN,LEON,03TOO-115,El Toro,PURISIMA DEL RINCON
SIN,LOS ALTOS,03BRC-115,La Barca,LA BARCA
SIN,LOS ALTOS,03CIA-115,Capilla,SAN MIGUEL EL ALTO
SIN,LOS ALTOS,03CUV-115,La Cueva,SAN JUAN DE LOS LAGOS
SIN,LOS ALTOS,03JDL-115,San Juan de los Lagos,SAN JUAN DE LOS LAGOS
SIN,LOS ALTOS,03JLT-115,Jalostotitlan,JALOSTOTITLAN
SIN,LOS ALTOS,03MIG-115,San Miguel,SAN MIGUEL EL ALTO
SIN,LOS ALTOS,03MXT-115,Mexticacan,MEXTICACAN
SIN,LOS ALTOS,03TEO-115,Teocaltiche,TEOCALTICHE
SIN,LOS ALTOS,03TPT-115,Tepatitlan,TEPATITLAN DE MORELOS
SIN,LOS ALTOS,03VGP-115,Valle de Guadalupe,VALLE DE GUADALUPE
SIN,LOS ALTOS,03ZSU-115,Sapotillo Switcheo Uno,TEPATITLAN DE MORELOS
SIN,MANZANILLO,03AYL-115,Arrayanal,MINATITLAN
SIN,MANZANILLO,03CDI-115,Colomos Distribucion,MANZANILLO
SIN,MANZANILLO,03CHT-115,Cihuatlan,CIHUATLAN
SIN,MANZANILLO,03CML-115,Chamela,LA HUERTA
SIN,MANZANILLO,03FDP-115,Fondeport,MANZANILLO
SIN,MANZANILLO,03LHT-115,La Huerta,LA HUERTA
SIN,MANZANILLO,03MLQ-115,Melaque,CIHUATLAN
SIN,MANZANILLO,03MNZ-230,Manzanillo,MANZANILLO
SIN,MANZANILLO,03MNZ-400,Manzanillo,MANZANILLO
SIN,MANZANILLO,03MRM-115,Miramar,MANZANILLO
SIN,MANZANILLO,03MTC-115,Minatitlan Colima,MINATITLAN
SIN,MANZANILLO,03SLH-115,Salahua,MANZANILLO
SIN,MANZANILLO,03TAP-115,Tapeixtles,MANZANILLO
SIN,MANZANILLO,03TCS-115,Tecomates,CASIMIRO CASTILLO
SIN,MANZANILLO,03TGM-115,Terminal de Gas Manzanillo,MANZANILLO
SIN,MATEHUALA,03CAK-115,Charcas,CHARCAS
SIN,MATEHUALA,03CHK-115,Charcas Potencia,CHARCAS
SIN,MATEHUALA,03CMZ-115,Cementos Moctezuma,CERRITOS
SIN,MATEHUALA,03GDL-115,Guadalcazar,GUADALCAZAR
SIN,MATEHUALA,03IMM-115,Immsa,CHARCAS
SIN,MATEHUALA,03MHR-115,Matehuala Sur,MATEHUALA
SIN,MATEHUALA,03MHS-115,Matehuala Subestacion,MATEHUALA
SIN,MATEHUALA,03MLP-115,Mina la Paz,VILLA DE RAMOS
SIN,MATEHUALA,03MZM-115,Moctezuma,MOCTEZUMA
SIN,MATEHUALA,03VAR-115,Valle Arista,VILLA DE ARISTA
SIN,MINAS,03AMK-115,Ameca,AMECA
SIN,MINAS,03AMT-69,Amatitan,AMATITAN
SIN,MINAS,03AUT-115,Autlan,AUTLAN DE NAVARRO
SIN,MINAS,03ELT-69,Tala Electric,TALA
SIN,MINAS,03ETA-115,Estancita,ETZATLAN
SIN,MINAS,03GRU-115,El Grullo,EL GRULLO
SIN,MINAS,03GVA-115,Guevara,MAGDALENA
SIN,MINAS,03LVG-69,La Vega,SAN MARTIN HIDALGO
SIN,MINAS,03LVT-69,La Venta,ZAPOPAN
SIN,MINAS,03MZI-115,Mezquitan,AUTLAN DE NAVARRO
SIN,MINAS,03SCM-115,San Clemente,UNION DE TULA
SIN,MINAS,03SCM-69,San Clemente,UNION DE TULA
SIN,MINAS,03SLY-115,Subestacion La Yesca,HOSTOTIPAQUILLO
SIN,MINAS,03SRO-69,Santa Rosa,AMATITAN
SIN,MINAS,03TCT-115,Tecate,UNION DE TULA
SIN,MINAS,03TLA-69,Tala,TALA
SIN,MINAS,03TPA-69,Talpa,TALPA DE ALLENDE
SIN,MINAS,03TQA-69,Tequila,TEQUILA
SIN,MINAS,03VCS-69,Volcanes,ATENGUILLO
SIN,MORELIA,03ABT-115,Abastos,MORELIA
SIN,MORELIA,03AER-115,Aeropuerto,ALVARO OBREGON
SIN,MORELIA,03AZF-115,Los Azufres,ZINAPECUARO
SIN,MORELIA,03AZS-115,Azufres Switcheo,HIDALGO
SIN,MORELIA,03CDH-115,Ciudad Hidalgo,HIDALGO
SIN,MORELIA,03CMS-115,Crisoba industrial,MORELIA
SIN,MORELIA,03CPE-115,Campestre,MORELIA
SIN,MORELIA,03CTZ-115,Cuitzeo,CUITZEO
SIN,MORELIA,03CZS-115,Cuitzillos,MORELIA
SIN,MORELIA,03DEO-115,De Acero,MORELIA
SIN,MORELIA,03INE-115,Independencia,MORELIA
SIN,MORELIA,03LAG-115,Lagunillas,LAGUNILLAS
SIN,MORELIA,03MEL-115,Morelos,MORELIA
SIN,MORELIA,03MNC-115,Monarca,ZITACUARO
SIN,MORELIA,03MOI-115,Morelia Industrial,MORELIA
SIN,MORELIA,03MOR-115,Morelia Norte,MORELIA
SIN,MORELIA,03MRD-115,Morelia Dos,MORELIA
SIN,MORELIA,03PCS-115,Patzcuaro sur,PATZCUARO
SIN,MORELIA,03PDG-115,Pedregal,MORELIA
SIN,MORELIA,03PTN-115,Patzcuaro Norte,PATZCUARO
SIN,MORELIA,03QNC-115,Quinceo,MORELIA
SIN,MORELIA,03SJZ-115,San Juan Zitacuaro,ZITACUARO
SIN,MORELIA,03SNM-115,Santa Maria,MORELIA
SIN,MORELIA,03STG-115,Santiaguito,MORELIA
SIN,MORELIA,03SUN-115,Santiago Undameo,MORELIA
SIN,MORELIA,03TGS-115,Triguillos,MORELIA
SIN,MORELIA,03TRB-115,Tarimbaro,TARIMBARO
SIN,MORELIA,03TSM-115,Tres Marias,MORELIA
SIN,MORELIA,03TXP-115,Tuxpan,TUXPAN
SIN,MORELIA,03ZIN-115,Zinapecuaro,ZINAPECUARO
SIN,MORELIA,03ZIT-115,Zitacuaro,ZITACUARO
SIN,MORELIA,03ZTD-115,Zitacuaro Dos,ZITACUARO
SIN,QUERETARO,03AET-115,Aerotech,QUERETARO
SIN,QUERETARO,03ALM-115,Alumicaste,SAN JOSE ITURBIDE
SIN,QUERETARO,03ARL-115,Aeroespacial,QUERETARO
SIN,QUERETARO,03ATV-115,Arteva Dos,QUERETARO
SIN,QUERETARO,03BNA-115,Buenavista,QUERETARO
SIN,QUERETARO,03BVN-115,Buena Vista Norte,QUERETARO
SIN,QUERETARO,03CAB-115,Cablesa,QUERETARO
SIN,QUERETARO,03CAM-115,Campanario,QUERETARO
SIN,QUERETARO,03CIM-115,Cimatorio,QUERETARO
SIN,QUERETARO,03COO-115,Coroneo,CORONEO
SIN,QUERETARO,03DTX-115,Distex,QUERETARO
SIN,QUERETARO,03ECO-115,Estadio Corregidora,QUERETARO
SIN,QUERETARO,03ELR-115,El Realito,SAN LUIS DE LA PAZ
SIN,QUERETARO,03FRA-115,La Fragua,SAN JOSE ITURBIDE
SIN,QUERETARO,03FRJ-115,Forjas,QUERETARO
SIN,QUERETARO,03GRI-115,La Griega,EL MARQUES
SIN,QUERETARO,03HOL-115,New Holland,QUERETARO
SIN,QUERETARO,03HTA-115,Hidroelectrica Tacotan,UNION DE TULA
SIN,QUERETARO,03INV-115,Indorama Ventures Polymers Mexico,QUERETARO
SIN,QUERETARO,03ITA-115,Italaise,QUERETARO
SIN,QUERETARO,03JUR-115,Jurica,QUERETARO
SIN,QUERETARO,03KEL-115,Kellogs de Mexico,QUERETARO
SIN,QUERETARO,03LDE-230,Las Delicias,SAN LUIS DE LA PAZ
SIN,QUERETARO,03LLM-115,La Loma,QUERETARO
SIN,QUERETARO,03MCH-115,Mars Chocolates,SAN JOSE ITURBIDE
SIN,QUERETARO,03MHI-115,Mission Hill,SAN JOSE ITURBIDE
SIN,QUERETARO,03MHU-115,Maniobras Huimilpan,HUIMILPAN
SIN,QUERETARO,03MIC-115,Michelin,QUERETARO
SIN,QUERETARO,03MMX-115,Mexsolar Maniobras,SAN MIGUEL DE ALLENDE
SIN,QUERETARO,03MPQ-115,Microparque,QUERETARO
SIN,QUERETARO,03MQO-115,El Marquez Oriente,QUERETARO
SIN,QUERETARO,03MRQ-115,El Marquez,QUERETARO
SIN,QUERETARO,03MVP-115,Maniobras Vesta Park,COLON
SIN,QUERETARO,03NGA-115,Nogales,SAN JOSE ITURBIDE
SIN,QUERETARO,03NST-115,Nestle,QUERETARO
SIN,QUERETARO,03NTA-115,Antea,QUERETARO
SIN,QUERETARO,03PCL-115,Porcelanite Lamosa,SAN JOSE ITURBIDE
SIN,QUERETARO,03PER-115,Performans,QUERETARO
SIN,QUERETARO,03PIQ-115,Parque Industrial Queretaro,QUERETARO
SIN,QUERETARO,03PRT-115,Protel & Gamble,APASEO EL GRANDE
SIN,QUERETARO,03QMR-115,Queretaro Maniobras,QUERETARO
SIN,QUERETARO,03QPE-115,Queretaro Poniente,QUERETARO
SIN,QUERETARO,03QRE-115,Queretaro Oriente,QUERETARO
SIN,QUERETARO,03QRI-115,Queretaro Industrial,QUERETARO
SIN,QUERETARO,03QRN-115,Queretaro Norte,QUERETARO
SIN,QUERETARO,03QRO-115,Queretaro,QUERETARO
SIN,QUERETARO,03QRS-115,Queretaro Sur,QUERETARO
SIN,QUERETARO,03RXM-115,Rexam Beverage Can Am,QUERETARO
SIN,QUERETARO,03SAM-115,Samsug Elec Dig Ap,QUERETARO
SIN,QUERETARO,03SAP-115,San Luis de la Paz,SAN LUIS DE LA PAZ
SIN,QUERETARO,03SAT-115,Satelite,QUERETARO
SIN,QUERETARO,03SAU-115,El Sauz,PEDRO ESCOBEDO
SIN,QUERETARO,03SAU-230,El Sauz,PEDRO ESCOBEDO
SIN,QUERETARO,03SAU-400,El Sauz,PEDRO ESCOBEDO
SIN,QUERETARO,03SDD-115,La Soledad,SAN LUIS DE LA PAZ
SIN,QUERETARO,03SDP-115,San Diego Penuelos,SAN DIEGO DE LA UNION
SIN,QUERETARO,03SFS-115,San Idelfonso,PEDRO ESCOBEDO
SIN,QUERETARO,03SJI-115,San Jose Iturbide,SAN JOSE ITURBIDE
SIN,QUERETARO,03SPA-115,San Luis de la Paz Dos,SAN LUIS DE LA PAZ
SIN,QUERETARO,03SPA-230,San Luis de la Paz Dos,SAN LUIS DE LA PAZ
SIN,QUERETARO,03STF-115,Santa Fe,SAN MIGUEL DE ALLENDE
SIN,QUERETARO,03TJD-115,Tejada,QUERETARO
SIN,QUERETARO,03TOM-230,Toyota Maniobras,APASEO EL GRANDE
SIN,QUERETARO,03TPY-115,Tepeyac,QUERETARO
SIN,QUERETARO,03TTR-115,Triara Tres,QUERETARO
SIN,QUERETARO,03VRR-115,Vidriera,QUERETARO
SIN,QUERETARO,03VT2-115,Vitromex,SAN JOSE ITURBIDE
SIN,QUERETARO,03VTC-115,Veratec,SAN JOSE ITURBIDE
SIN,QUERETARO,03VTM-115,Vitromex,SAN JOSE ITURBIDE
SIN,QUERETARO,03VYQ-115,VYNMSA Queretaro,EL MARQUES
SIN,QUERETARO,03ZBT-115,Zibata,EL MARQUES
SIN,SALVATIERRA,03AQM-115,Acambaro,ACAMBARO
SIN,SALVATIERRA,03GRP1115,Guarapo,COACALCO DE BERRIOZABAL
SIN,SALVATIERRA,03JDP-115,Jaral del Progreso,JARAL DEL PROGRESO
SIN,SALVATIERRA,03JYU-115,Joyuelas,COACALCO DE BERRIOZABAL
SIN,SALVATIERRA,03MAV-115,Maravatio,MARAVATIO
SIN,SALVATIERRA,03MLO-115,Moroleon,MOROLEON
SIN,SALVATIERRA,03OJO-115,Ojo Seco,TARIMORO
SIN,SALVATIERRA,03SND-115,Sendai,COACALCO DE BERRIOZABAL
SIN,SALVATIERRA,03SVT-115,Salvatierra,SALVATIERRA
SIN,SALVATIERRA,03TDC-115,Tarandacuao,TARANDACUAO
SIN,SALVATIERRA,03URG-115,Uriangato,YURIRIA
SIN,SALVATIERRA,03VAS-115,Valle de Santiago,COACALCO DE BERRIOZABAL
SIN,SAN JUAN DEL RIO,03ACR-115,Aceleran,SAN JUAN DEL RIO
SIN,SAN JUAN DEL RIO,03ARN-115,Arancia,SAN JUAN DEL RIO
SIN,SAN JUAN DEL RIO,03BEC-115,Energia para Bebidas Carbonatadas,SAN JUAN DEL RIO
SIN,SAN JUAN DEL RIO,03CDT-115,Conductel,SAN JUAN DEL RIO
SIN,SAN JUAN DEL RIO,03EZM-115,Ezequiel Montes,EZEQUIEL MONTES
SIN,SAN JUAN DEL RIO,03KAL-115,Manufacturas Kaltex,SAN JUAN DEL RIO
SIN,SAN JUAN DEL RIO,03KIM-115,Kimberly Clark de Mexico,SAN JUAN DEL RIO
SIN,SAN JUAN DEL RIO,03MIB-115,Maniobras Iberdrola,SAN JUAN DEL RIO
SIN,SAN JUAN DEL RIO,03MNS-115,La Mansion,SAN JUAN DEL RIO
SIN,SAN JUAN DEL RIO,03PON-115,Cartones Ponderosa,SAN JUAN DEL RIO
SIN,SAN JUAN DEL RIO,03PPG-115,Pinturas Pittsburg,SAN JUAN DEL RIO
SIN,SAN JUAN DEL RIO,03SJM-115,San Juan Maniobras,SAN JUAN DEL RIO
SIN,SAN JUAN DEL RIO,03SJO-115,San Juan del Rio Oriente,SAN JUAN DEL RIO
SIN,SAN JUAN DEL RIO,03SJR-115,San Juan del Rio,SAN JUAN DEL RIO
SIN,SAN JUAN DEL RIO,03TEQ-115,Tequisquiapan 1,TEQUISQUIAPAN
SIN,SAN JUAN DEL RIO,03TMY-115,Tecomyca,SAN JUAN DEL RIO
SIN,SAN LUIS POTOSI,03ABO-115,El Arbolito,SANTA MARIA DEL RIO
SIN,SAN LUIS POTOSI,03ACE-115,Aceros San Luis,SAN LUIS POTOSI
SIN,SAN LUIS POTOSI,03ALU-115,Aluprint,SAN LUIS POTOSI
SIN,SAN LUIS POTOSI,03APA-115,Apa Subestacion SLP,SOLEDAD DE GRACIANO SANCHEZ
SIN,SAN LUIS POTOSI,03AVN-115,Avente,SAN LUIS POTOSI
SIN,SAN LUIS POTOSI,03BCD-115,Barracuda,SAN LUIS POTOSI
SIN,SAN LUIS POTOSI,03BNL-115,Bonlam,SAN LUIS POTOSI
SIN,SAN LUIS POTOSI,03BOC-115,Bocas,SAN LUIS POTOSI
SIN,SAN LUIS POTOSI,03BOS-115,Robert Bosch Mexico Sistemas Automotrices,SAN LUIS POTOSI
SIN,SAN LUIS POTOSI,03CDM-115,Conductores Monterrey,SAN LUIS POTOSI
SIN,SAN LUIS POTOSI,03COI-115,Colinas,SAN LUIS POTOSI
SIN,SAN LUIS POTOSI,03CPO-115,Cupro,SAN LUIS POTOSI
SIN,SAN LUIS POTOSI,03CSF-115,Cummins Grupo Industrial,SAN LUIS POTOSI
SIN,SAN LUIS POTOSI,03DIC-115,Dicumsa,SAN LUIS POTOSI
SIN,SAN LUIS POTOSI,03DLC-115,Delco Remy,SAN LUIS POTOSI
SIN,SAN LUIS POTOSI,03DXM-115,Draexlmaier Components Automotive,SAN LUIS POTOSI
SIN,SAN LUIS POTOSI,03EAT-115,Eaton Truck Componentes,SAN LUIS POTOSI
SIN,SAN LUIS POTOSI,03EGM-230,Eolica Santiago Maniobras,VILLA DE ARRIAGA
SIN,SAN LUIS POTOSI,03FVS-115,Fevisa Industrial,SAN LUIS POTOSI
SIN,SAN LUIS POTOSI,03GAS-115,Grupo Acerero,SAN LUIS POTOSI
SIN,SAN LUIS POTOSI,03GRP2115,G.Tigre,SAN LUIS POTOSI
SIN,SAN LUIS POTOSI,03HER-115,Herdez,SAN LUIS POTOSI
SIN,SAN LUIS POTOSI,03HIT-115,Hitchiner Manufacturas,SAN LUIS POTOSI
SIN,SAN LUIS POTOSI,03JCR-115,Julian Carrillo,AHUALULCO
SIN,SAN LUIS POTOSI,03KRP-115,Krupp,SAN LUIS POTOSI
SIN,SAN LUIS POTOSI,03LAM-115,Lamosa,SAN LUIS POTOSI
SIN,SAN LUIS POTOSI,03LOG-115,Logistik,VILLA DE REYES
SIN,SAN LUIS POTOSI,03LSV-230,Laguna San Vicente,VILLA DE REYES
SIN,SAN LUIS POTOSI,03LTI-115,Latincasa,SAN LUIS POTOSI
SIN,SAN LUIS POTOSI,03MAB2115,Mabe-Sanyo,SAN LUIS POTOSI
SIN,SAN LUIS POTOSI,03MBL-115,Mabe Leiser,SAN LUIS POTOSI
SIN,SAN LUIS POTOSI,03MBM-230,Maniobras BMW,SAN LUIS POTOSI
SIN,SAN LUIS POTOSI,03MLS-115,Malla San 2,SAN LUIS POTOSI
SIN,SAN LUIS POTOSI,03MMN-230,Maniobras Mesa Moreno,VILLA DE ARRIAGA
SIN,SAN LUIS POTOSI,03MNR-230,Minera Mexico,SAN LUIS POTOSI
SIN,SAN LUIS POTOSI,03MSG-230,Parque Solar Santiago Maniobras,VILLA DE REYES
SIN,SAN LUIS POTOSI,03MSJ-115,Minera San Xavier,CERRO DE SAN PEDRO
SIN,SAN LUIS POTOSI,03MTL-115,Metalsa,SAN LUIS POTOSI
SIN,SAN LUIS POTOSI,03MWD-230,Maniobras World Trade Center II,SAN LUIS POTOSI
SIN,SAN LUIS POTOSI,03MWT-115,Maniobras World Trade Center,SAN LUIS POTOSI
SIN,SAN LUIS POTOSI,03NTP-115,Nitropiso,SAN LUIS POTOSI
SIN,SAN LUIS POTOSI,03PAP2115,FAbricas de Papel Potosi,SAN LUIS POTOSI
SIN,SAN LUIS POTOSI,03PDR-115,San Pedro,SOLEDAD DE GRACIANO SANCHEZ
SIN,SAN LUIS POTOSI,03PNS-115,Peñasco,SOLEDAD DE GRACIANO SANCHEZ
SIN,SAN LUIS POTOSI,03PRO-115,Pronal,VILLA HIDALGO
SIN,SAN LUIS POTOSI,03SDE-115,Sendero,SAN LUIS POTOSI
SIN,SAN LUIS POTOSI,03SEI-115,Satelite,SAN LUIS POTOSI
SIN,SAN LUIS POTOSI,03SEL-115,Compañia SEL,SAN LUIS POTOSI
SIN,SAN LUIS POTOSI,03SGB-115,Saint Gobian,SAN LUIS POTOSI
SIN,SAN LUIS POTOSI,03SGS-115,Soledad de Graciano Sanchez,SOLEDAD DE GRACIANO SANCHEZ
SIN,SAN LUIS POTOSI,03SHU-115,Schulman de Mexico,SAN LUIS POTOSI
SIN,SAN LUIS POTOSI,03SLD-230,San Luis Dos,SAN LUIS POTOSI
SIN,SAN LUIS POTOSI,03SLI-115,San Luis Industrial,SAN LUIS POTOSI
SIN,SAN LUIS POTOSI,03SLO-115,San Luis Oriente,SAN LUIS POTOSI
SIN,SAN LUIS POTOSI,03SLP-115,San Luis Potosi,SAN LUIS POTOSI
SIN,SAN LUIS POTOSI,03SLP-230,San Luis Potosi,SAN LUIS POTOSI
SIN,SAN LUIS POTOSI,03SLW-115,San Luis Potosi Poniente,SAN LUIS POTOSI
SIN,SAN LUIS POTOSI,03SMF-115,San Luis Metal Forming,VILLA HIDALGO
SIN,SAN LUIS POTOSI,03SNE-115,San Luis Noreste,SAN LUIS POTOSI
SIN,SAN LUIS POTOSI,03SNG-115,Subestacion Santiago,SAN LUIS POTOSI
SIN,SAN LUIS POTOSI,03SPR-115,San Luis Progreao,SAN LUIS POTOSI
SIN,SAN LUIS POTOSI,03SPT-115,San Luis Potosi Tres,SAN LUIS POTOSI
SIN,SAN LUIS POTOSI,03TEN-115,Tres Naciones,SAN LUIS POTOSI
SIN,SAN LUIS POTOSI,03TIS-115,Tisamatic,SAN LUIS POTOSI
SIN,SAN LUIS POTOSI,03TMG-115,Subestacion Tangamanga,SAN LUIS POTOSI
SIN,SAN LUIS POTOSI,03TQT-115,Tanque Tenorio Degremont,SAN LUIS POTOSI
SIN,SAN LUIS POTOSI,03VAT1115,Valeo Termico,SAN LUIS POTOSI
SIN,SAN LUIS POTOSI,03VDR-115,Villa de Reyes,VILLA DE REYES
SIN,SAN LUIS POTOSI,03VDR-230,Villa de Reyes,VILLA DE REYES
SIN,SAN LUIS POTOSI,03VLT-115,La Ventanilla,VILLA DE REYES
SIN,SAN LUIS POTOSI,03VRA-115,Vidriera,SAN LUIS POTOSI
SIN,SAN LUIS POTOSI,03VRT1115,Vitromex,SAN LUIS POTOSI
SIN,SAN LUIS POTOSI,03VTS-115,Valeo Sistemas Electricos,SAN LUIS POTOSI
SIN,SAN LUIS POTOSI,03ZAG-115,Zaragoza,ZARAGOZA
SIN,TEPIC VALLARTA,03ACP-115,Acaponeta,ACAPONETA
SIN,TEPIC VALLARTA,03AGM-115,Aguamilpa,TEPIC
SIN,TEPIC VALLARTA,03AGM-400,Aguamilpa,TEPIC
SIN,TEPIC VALLARTA,03AHN-115,Ahuacatlan,AHUACATLAN
SIN,TEPIC VALLARTA,03BAN-115,Banderas,BAHIA DE BANDERAS
SIN,TEPIC VALLARTA,03BRI-115,Las Brisas,TEPIC
SIN,TEPIC VALLARTA,03CJN-400,El Cajon,SANTA MARIA DEL ORO
SIN,TEPIC VALLARTA,03CMP-115,Compostela,COMPOSTELA
SIN,TEPIC VALLARTA,03CMV-115,Cuadro de Maniobras Vidanta,PUERTO VALLARTA
SIN,TEPIC VALLARTA,03CPI-115,Chapalilla,SANTA MARIA DEL ORO
SIN,TEPIC VALLARTA,03DST-115,Destiladeras,BAHIA DE BANDERAS
SIN,TEPIC VALLARTA,03FLA-115,Flamingos,BAHIA DE BANDERAS
SIN,TEPIC VALLARTA,03FLU-115,Fluvial,PUERTO VALLARTA
SIN,TEPIC VALLARTA,03GYS-115,Guayabitos,COMPOSTELA
SIN,TEPIC VALLARTA,03JDA-115,Jarretaderas,BAHIA DE BANDERAS
SIN,TEPIC VALLARTA,03MLE-115,Muelle,PUERTO VALLARTA
SIN,TEPIC VALLARTA,03MYO-115,Cinco de Mayo,TEPIC
SIN,TEPIC VALLARTA,03NGT-115,Nogalito,PUERTO VALLARTA
SIN,TEPIC VALLARTA,03NKA-69,Niproka,ZAPOPAN
SIN,TEPIC VALLARTA,03PEN2115,Peñas,TUXPAN
SIN,TEPIC VALLARTA,03PMI-115,PUNTA DE MITA,BAHIA DE BANDERAS
SIN,TEPIC VALLARTA,03PTL-115,Pitillal,PUERTO VALLARTA
SIN,TEPIC VALLARTA,03SCJ-115,Servicios el Cajon,SANTA MARIA DEL ORO
SIN,TEPIC VALLARTA,03SEA-115,Servicios Aguamilpa,TEPIC
SIN,TEPIC VALLARTA,03SNI-115,Santiago,SANTIAGO IXCUINTLA
SIN,TEPIC VALLARTA,03SRM-115,San Rafael Maniobras,TEPIC
SIN,TEPIC VALLARTA,03TBK-115,Tabacalera,TEPIC
SIN,TEPIC VALLARTA,03TEL-115,Tecuala,TECUALA
SIN,TEPIC VALLARTA,03TES-115,Tepic Uno,TEPIC
SIN,TEPIC VALLARTA,03TID-115,Tepic Industrial,TEPIC
SIN,TEPIC VALLARTA,03TMI-115,Tamarindos,PUERTO VALLARTA
SIN,TEPIC VALLARTA,03VRS-115,Varas,PUERTO VALLARTA
SIN,TEPIC VALLARTA,03VRT2115,Vallarta,PUERTO VALLARTA
SIN,TEPIC VALLARTA,03VTE-115,San Vicente,BAHIA DE BANDERAS
SIN,TEPIC VALLARTA,03XLS-115,Xalisco,TEPIC
SIN,URUAPAN,03CHN-115,Charapan,CHARAPAN
SIN,URUAPAN,03IMP-115,Impamex,URUAPAN
SIN,URUAPAN,03LAE-115,La Esperanza,URUAPAN
SIN,URUAPAN,03MRR-115,Mirador,URUAPAN
SIN,URUAPAN,03POD-115,Paracho Dos,PARACHO
SIN,URUAPAN,03STI-115,Subestacion Tingambato,TINGAMBATO
SIN,URUAPAN,03TAR-69,Taretan,TARETAN
SIN,URUAPAN,03UPT-115,Uruapan Tres,URUAPAN
SIN,URUAPAN,03ZMP-69,Zumpimito,URUAPAN
SIN,ZACAPU,03ARD-115,Angamacutiro Dos,ANGAMACUTIRO
SIN,ZACAPU,03CME-115,Celanese Mexicana Mich,ZACAPU
SIN,ZACAPU,03PUR-115,Puruandiro,PURUANDIRO
SIN,ZACAPU,03VIJ-115,Villa Jimenez,JIMENEZ
SIN,ZACAPU,03ZCP-115,Zacapu Dos,ZACAPU
SIN,ZACATECAS,03ART-115,Ahresty Mexicana,GUADALUPE
SIN,ZACATECAS,03BFM-230,Bufa Maniobras,GUADALUPE
SIN,ZACATECAS,03BLA-115,Bolaños,BOLAÑOS
SIN,ZACATECAS,03CGS-115,Cieneguillas,ZACATECAS
SIN,ZACATECAS,03CNL-115,Mina el Coronel,AGUASCALIENTES
SIN,ZACATECAS,03CRN-115,Corona,CALERA
SIN,ZACATECAS,03EDA-115,Estancia Animas,VILLA GONZALEZ ORTEGA
SIN,ZACATECAS,03EVI-400,Vientos del Altiplano,GUADALUPE
SIN,ZACATECAS,03EYT-115,Envases y Tapas,CALERA
SIN,ZACATECAS,03GPE-115,Guadalupe,ZACATECAS
SIN,ZACATECAS,03HNV-115,Hacienda Nueva,ZACATECAS
SIN,ZACATECAS,03JRZ-115,Jerez,JEREZ
SIN,ZACATECAS,03LMY-115,Luis Moya,LUIS MOYA
SIN,ZACATECAS,03LPL-115,Lampotal,VETAGRANDE
SIN,ZACATECAS,03MFP-400,Maniobras Fotovoltaico Potosi,VILLA DE RAMOS
SIN,ZACATECAS,03MPO-115,Malpaso Subestacion,VILLANUEVA
SIN,ZACATECAS,03MRA2115,Mina Real de Angeles,FRESNILLO
SIN,ZACATECAS,03OCL-115,Ojo Caliente,OJOCALIENTE
SIN,ZACATECAS,03PFN-115,Panfilo Natera,GENERAL PANFILO NATERA
SIN,ZACATECAS,03PMY-400,Primero de Mayo,GUADALUPE
SIN,ZACATECAS,03PNO-115,Mina Peñoles,MORELOS
SIN,ZACATECAS,03SNA-115,Salinas,SALINAS
SIN,ZACATECAS,03TGO-115,Tepetongo,TEPETONGO
SIN,ZACATECAS,03TLO-115,Tlaltenango,TLALTENANGO DE SANCHEZ ROMAN
SIN,ZACATECAS,03VHO-115,Villa Hidalgo,VILLA HIDALGO
SIN,ZACATECAS,03ZCS-115,Zacatecas Sur,ZACATECAS
SIN,ZACATECAS,03ZCT-115,Zacatecas,ZACATECAS
SIN,ZAMORA,03ABL-115,Arboledas,ZAMORA
SIN,ZAMORA,03ARS-115,Arandas,ARANDAS
SIN,ZAMORA,03ATO-115,Atotonilco,ATOTONILCO EL ALTO
SIN,ZAMORA,03AVE-115,Agave,ARANDAS
SIN,ZAMORA,03AYN-115,Ayotlan,AYOTLAN
SIN,ZAMORA,03CRD-115,Carapan Distribucion,CHILCHOTA
SIN,ZAMORA,03CRP-115,Carapan Potencia,CHILCHOTA
SIN,ZAMORA,03CRZ-115,Churintzio,AYOTLAN
SIN,ZAMORA,03CTJ-115,Cotija,COTIJA
SIN,ZAMORA,03ESO-115,El Sol,LA PIEDAD
SIN,ZAMORA,03GSO-115,Gusacaro,TINGÜINDIN
SIN,ZAMORA,03ITL-115,Ixtlan,IXTLAN
SIN,ZAMORA,03JCN-115,Jacona,JACONA
SIN,ZAMORA,03JMA-115,Jesus Maria,JESUS MARIA
SIN,ZAMORA,03LIV-115,Linda Vista,ZAMORA
SIN,ZAMORA,03LPI-115,La Piedad,LA PIEDAD
SIN,ZAMORA,03LPP-115,La Piedad Poniente,LA PIEDAD
SIN,ZAMORA,03PBN-115,Periban,PERIBAN
SIN,ZAMORA,03PRP-115,Purepero,PUREPERO
SIN,ZAMORA,03PUG-115,Puerta Grande,ZAMORA
SIN,ZAMORA,03RYS-115,Los Reyes,LOS REYES
SIN,ZAMORA,03TAH-115,Tanhuato,TANHUATO
SIN,ZAMORA,03TGR-115,Tangancicuaro,TANGANCICUARO
SIN,ZAMORA,03VIH-115,Vistahermosa,VISTA HERMOSA
SIN,ZAMORA,03YER-115,Yerbabuena,TOTOTLAN
SIN,ZAMORA,03YUR-115,Yurecuaro,AYOTLAN
SIN,ZAMORA,03ZID-115,Zinaparo Dos,ZINAPARO
SIN,ZAMORA,03ZMA-115,Zamora,ZAMORA
SIN,ZAMORA,03ZRP-115,Zamora Potencia,ZAMORA
SIN,ZAPOTLAN,03ATE-115,Atenquique,TUXPAN
SIN,ZAPOTLAN,03CGM-115,CD Guzman,ZAPOTLAN EL GRANDE
SIN,ZAPOTLAN,03JRU-115,Juan Rulfo,SAN GABRIEL
SIN,ZAPOTLAN,03JUJ-115,Juan Jose Arreola,ZAPOTLAN EL GRANDE
SIN,ZAPOTLAN,03SYL-115,Sayula,SAYULA
SIN,ZAPOTLAN,03TAZ-115,Tamazula,TAMAZULA DE GORDIANO
SIN,ZAPOTLAN,03TUX-115,Tuxpan,TUXPAN
SIN,ZAPOTLAN,03ZTI-115,Zapotiltic,ZAPOTILTIC
SIN,ACAPULCO,02APC-115,Acapulco,ACAPULCO DE JUAREZ
SIN,ACAPULCO,02ARC-115,Adolfo Ruiz Cortinez,ACAPULCO DE JUAREZ
SIN,ACAPULCO,02AZA-115,Agua Zarca,ACAPULCO DE JUAREZ
SIN,ACAPULCO,02BNL-115,Bonfil,ACAPULCO DE JUAREZ
SIN,ACAPULCO,02CAY-115,Cayaco,ACAPULCO DE JUAREZ
SIN,ACAPULCO,02CAZ-115,Costa Azul,ACAPULCO DE JUAREZ
SIN,ACAPULCO,02CGN-115,Cruz Grande,FLORENCIO VILLARREAL
SIN,ACAPULCO,02CSS-115,Cementos Apasco,ACAPULCO DE JUAREZ
SIN,ACAPULCO,02CUG-115,Cruces Generacion,ACAPULCO DE JUAREZ
SIN,ACAPULCO,02ETT-115,El Treinta,ACAPULCO DE JUAREZ
SIN,ACAPULCO,02GAR-115,Garita,ACAPULCO DE JUAREZ
SIN,ACAPULCO,02LAT-115,Los Amates,ACAPULCO DE JUAREZ
SIN,ACAPULCO,02LMM-115,Lomas Del Mar,ACAPULCO DE JUAREZ
SIN,ACAPULCO,02LTP-115,Laguna de tres palos,ACAPULCO DE JUAREZ
SIN,ACAPULCO,02MIP-115,Mundo Imperial,ACAPULCO DE JUAREZ
SIN,ACAPULCO,02MOZ-115,Mozimba,ACAPULCO DE JUAREZ
SIN,ACAPULCO,02MRA-115,La Mira,ACAPULCO DE JUAREZ
SIN,ACAPULCO,02OMT-115,Ometepec,ACAPULCO DE JUAREZ
SIN,ACAPULCO,02PDI-115,Playa Diamante,ACAPULCO DE JUAREZ
SIN,ACAPULCO,02PPG-115,Papagayo,SAN MARCOS
SIN,ACAPULCO,02PUM-115,Puerto Marquez,ACAPULCO DE JUAREZ
SIN,ACAPULCO,02PYS-115,Playas,ACAPULCO DE JUAREZ
SIN,ACAPULCO,02PZR-115,Pozos Raney,ACAPULCO DE JUAREZ
SIN,ACAPULCO,02QMD-115,Quemado,ACAPULCO DE JUAREZ
SIN,ACAPULCO,02QMD-69,Quemado,ACAPULCO DE JUAREZ
SIN,ACAPULCO,02REN-115,Renacimiento,ACAPULCO DE JUAREZ
SIN,ACAPULCO,02SLU-115,San Luis Acatlan,SAN LUIS ACATLAN
SIN,ACAPULCO,02THU-115,Tlacoachistlahuaca,TLACOACHISTLAHUACA
SIN,CENTRO ORIENTE,02XIP-85,Xicotepec,XICOTEPEC
SIN,CHILPANCINGO,02AHZ-115,Acahuizotla,CHILPANCINGO DE LOS BRAVO
SIN,CHILPANCINGO,02AYT-115,Ayutla,AYUTLA DE LOS LIBRES
SIN,CHILPANCINGO,02CCS-115,Chilpancingo Dos,CHILPANCINGO DE LOS BRAVO
SIN,CHILPANCINGO,02CHG-115,Chilpancingo,CHILPANCINGO DE LOS BRAVO
SIN,CHILPANCINGO,02CIP-115,Chilapa,CHILAPA DE ALVAREZ
SIN,CHILPANCINGO,02CLT-69,Colotlipa,QUECHULTENANGO
SIN,CHILPANCINGO,02HUU-115,Huamuxtitlan,HUAMUXTITLAN
SIN,CHILPANCINGO,02MFB-115,Minera Filos-Bermejal,EDUARDO NERI
SIN,CHILPANCINGO,02MLN-115,Malinaltepec,MALINALTEPEC
SIN,CHILPANCINGO,02MTL-115,Metlatonoc,METLATONOC
SIN,CHILPANCINGO,02MZL-115,Mezcala,EDUARDO NERI
SIN,CHILPANCINGO,02OLN-115,Olinala,OLINALA
SIN,CHILPANCINGO,02TAN-115,Tlapa Nueva,TLAPA DE COMONFORT
SIN,CHILPANCINGO,02TIE-115,Tierra Colorada,ACAPULCO DE JUAREZ
SIN,CHILPANCINGO,02TIT-115,Tixtla,TIXTLA DE GUERRERO
SIN,CHILPANCINGO,02TUQ-115,Tlatlahuquitepec,TLAPA DE COMONFORT
SIN,CHILPANCINGO,02VEN-69,Venta,GENERAL HELIODORO CASTILLO
SIN,CHONTALPA,02CAO-115,Comalcalco Oriente,COMALCALCO
SIN,CHONTALPA,02CDD-115,Cardenas Dos,CARDENAS
SIN,CHONTALPA,02CDN-115,Cardenas,CARDENAS
SIN,CHONTALPA,02CHT-115,Chontalpa,CARDENAS
SIN,CHONTALPA,02CMU-115,Comalcalco Sur,COMALCALCO
SIN,CHONTALPA,02CNM-115,Carmen,CENTRO
SIN,CHONTALPA,02CNM-230,Carmen,CENTRO
SIN,CHONTALPA,02COM-115,Comalcalco,COMALCALCO
SIN,CHONTALPA,02CSU-115,Cardenas Sur,HUIMANGUILLO
SIN,CHONTALPA,02DBX-115,Dos Bocas Pemex,PARAISO
SIN,CHONTALPA,02DUA-115,Cunduacan,CUNDUACAN
SIN,CHONTALPA,02GIR-115,Girandas Pemex,HUIMANGUILLO
SIN,CHONTALPA,02HMG-115,Huimanguillo,HUIMANGUILLO
SIN,CHONTALPA,02ICD-115,CryoInfra Cardenas,CARDENAS
SIN,CHONTALPA,02JAA-115,Jalpa,COMALCALCO
SIN,CHONTALPA,02MEZ-115,Mezcalapa,MEZCALAPA
SIN,CHONTALPA,02MPR-115,Maniobras PRO MDF,HUIMANGUILLO
SIN,CHONTALPA,02MPS-115,Malpaso,TECPATAN
SIN,CHONTALPA,02MPS-400,Malpaso,TECPATAN
SIN,CHONTALPA,02PEA-230,Peñitas,OSTUACAN
SIN,CHONTALPA,02PED-115,Peñitas Dos,OSTUACAN
SIN,CHONTALPA,02PII-115,Parque Industrial API,PARAISO
SIN,CHONTALPA,02PPX-115,Paredon Pemex,HUIMANGUILLO
SIN,CHONTALPA,02PRQ-115,Parque Industrial,CUNDUACAN
SIN,CHONTALPA,02PSO-115,Paraiso,PARAISO
SIN,CHONTALPA,02TLN-115,Tulipan,CUNDUACAN
SIN,COATZACOALCOS,02ACY-115,Acayucan,ACAYUCAN
SIN,COATZACOALCOS,02ADD-115,Agua Dulce Dos,AGUA DULCE
SIN,COATZACOALCOS,02ARG-115,Agronitrogenados,COATZACOALCOS
SIN,COATZACOALCOS,02CGC-115,Cogeneracion de Energia Limpia de Cosoleacaque,COSOLEACAQUE
SIN,COATZACOALCOS,02CGJ-115,Complejo Petroquimico Cangrejera,COATZACOALCOS
SIN,COATZACOALCOS,02CHD-115,Chinameca Dos,CHINAMECA
SIN,COATZACOALCOS,02CIC-115,Canticas,MINATITLAN
SIN,COATZACOALCOS,02CLS-115,Celanese,COATZACOALCOS
SIN,COATZACOALCOS,02CPQ-115,Complejo Petroquimico Cosoleacaque,COSOLEACAQUE
SIN,COATZACOALCOS,02CRX-115,Cryo  Infra Dos,NANCHITAL DE LAZARO CARDENAS DEL RIO
SIN,COATZACOALCOS,02CRY-115,Cryo Infra,COATZACOALCOS
SIN,COATZACOALCOS,02CSQ-115,Cosoleacaque,COSOLEACAQUE
SIN,COATZACOALCOS,02CTS-115,Coatzacoalcos Dos,MOLOACAN
SIN,COATZACOALCOS,02CUH-115,Cuchapa Pemex,MOLOACAN
SIN,COATZACOALCOS,02CVN-115,Cavernas Tuzandepetl,IXHUATLAN DEL SURESTE
SIN,COATZACOALCOS,02CYX-115,CryoInfra - Praxair,COATZACOALCOS
SIN,COATZACOALCOS,02EAS-115,Eastman,CHINAMECA
SIN,COATZACOALCOS,02EMZ-115,Emiliano Zapata,CUITLAHUAC
SIN,COATZACOALCOS,02FNQ-115,Feno Quimia,COSOLEACAQUE
SIN,COATZACOALCOS,02IDE-115,Idesa,COATZACOALCOS
SIN,COATZACOALCOS,02IQU-115,Iquisa,COATZACOALCOS
SIN,COATZACOALCOS,02LHD-115,Las Choapas Dos,LAS CHOAPAS
SIN,COATZACOALCOS,02LME-115,Lopez Mateos,COATZACOALCOS
SIN,COATZACOALCOS,02MAS-115,Las Matas,MINATITLAN
SIN,COATZACOALCOS,02MID-115,Minatitlan Dos,MINATITLAN
SIN,COATZACOALCOS,02MID-400,Minatitlan Dos,MINATITLAN
SIN,COATZACOALCOS,02MIU-115,Minatitlan uno,MINATITLAN
SIN,COATZACOALCOS,02NMO-115,Nuevo Morelos,SAYULA DE ALEMAN
SIN,COATZACOALCOS,02NND-115,Nanchital dos,NANCHITAL DE LAZARO CARDENAS DEL RIO
SIN,COATZACOALCOS,02PFR-115,Puerto Franco,COATZACOALCOS
SIN,COATZACOALCOS,02PJD-115,Pajaritos Dos,COATZACOALCOS
SIN,COATZACOALCOS,02PMO-115,Complejo Petroquimico Morelos,COATZACOALCOS
SIN,COATZACOALCOS,02POZ-115,Pozos Huazuntlan,PAJAPAN
SIN,COATZACOALCOS,02RLC-115,Refineria Lazaro Cardenas Reconfiguracion,MINATITLAN
SIN,COATZACOALCOS,02SES-115,Sistemas Energeticos SISA,COATZACOALCOS
SIN,COATZACOALCOS,02TOY-115,Troy,COATZACOALCOS
SIN,COATZACOALCOS,02TRT-115,Tereftalatos,COSOLEACAQUE
SIN,COATZACOALCOS,02UCT-115,Union Carbide Teapa,IXHUATLAN DEL SURESTE
SIN,COATZACOALCOS,02UXD-115,Uxpanapa Dos,MOLOACAN
SIN,COATZACOALCOS,02UXT-115,Uxpanapa Tres,HIDALGOTITLAN
SIN,COATZACOALCOS,02UXU-115,Uxpanapa Uno,MOLOACAN
SIN,COATZACOALCOS,02VED-115,La Venta Dos,HUIMANGUILLO
SIN,COATZACOALCOS,02VIS-115,Vistamar,COATZACOALCOS
SIN,CORDOBA,02CBS-115,Cordoba Dos,CORDOBA
SIN,CORDOBA,02COR-115,Cordoba,CORDOBA
SIN,CORDOBA,02CSE-115,Coscomatepec,COSCOMATEPEC
SIN,CORDOBA,02CTH-115,Cuitlahuac,CUITLAHUAC
SIN,CORDOBA,02HTU-115,Huatusco,HUATUSCO
SIN,CORDOBA,02IPA-115,Industrial Patrona,CORDOBA
SIN,CORDOBA,02ISN-115,Ingenio San Nicolas,TRES VALLES
SIN,CORDOBA,02OME-115,Omealca,OMEALCA
SIN,CORDOBA,02PTD-115,Potrero Dos,ATOYAC
SIN,CUAUTLA,02AOS-115,Los Arcos,YAUTEPEC
SIN,CUAUTLA,02CIL-115,Cuautla Industrial,AYALA
SIN,CUAUTLA,02CUA-115,Cuautla,CUAUTLA
SIN,CUAUTLA,02CUS-115,Cuautla Dos,CUAUTLA
SIN,CUAUTLA,02ICS-115,Industrial Cuautla Dos,AYALA
SIN,CUAUTLA,02LOC-115,Lomas Cocoyoc,ATLATLAHUCAN
SIN,CUAUTLA,02TPL-115,Tepalcingo,TEPALCINGO
SIN,CUAUTLA,02XOX-115,Xoxocotla Maniobras,AYALA
SIN,CUERNAVACA,02CUE-85,Cuernavaca,CUERNAVACA
SIN,CUERNAVACA,02TBH-85,Tabachines,CUERNAVACA
SIN,CUERNAVACA,02TMX-85,Temixco,TEMIXCO
SIN,HUAJUAPAN,02CUX-115,Cuicatlan,SAN JUAN BAUTISTA CUICATLAN
SIN,HUAJUAPAN,02GIS-115,El Girasol,SANTOS REYES PAPALO
SIN,HUAJUAPAN,02HJP-115,Huajuapan,HEROICA CIUDAD DE HUAJUAPAN DE LEON
SIN,HUAJUAPAN,02HUJ-69,Huautla de Jimenez,SANTA CRUZ ACATEPEC
SIN,HUAJUAPAN,02ITU-115,Itundujia,SANTA CRUZ ITUNDUJIA
SIN,HUAJUAPAN,02LJU-115,Las Juntas,HEROICA CIUDAD DE HUAJUAPAN DE LEON
SIN,HUAJUAPAN,02NCH-115,Nochixtlan,ASUNCION NOCHIXTLAN
SIN,HUAJUAPAN,02SMF-115,San Miguel Santa Flor,SAN MIGUEL SANTA FLOR
SIN,HUAJUAPAN,02SSM-115,San Luis Morelia,SANTIAGO TAMAZOLA
SIN,HUAJUAPAN,02TAD-115,Tamazulapan Dos,VILLA DE TAMAZULAPAM DEL PROGRESO
SIN,HUAJUAPAN,02TCX-115,Tecomaxtlahuaca,SAN SEBASTIAN TECOMAXTLAHUACA
SIN,HUAJUAPAN,02TIL-69,Tilapa,COXCATLAN
SIN,HUAJUAPAN,02TXI-115,Tlaxiaco,HEROICA CIUDAD DE TLAXIACO
SIN,HUAJUAPAN,02YOL-115,Yolomecatl,SANTIAGO YOLOMECATL
SIN,HUATULCO,02CNJ-115,Conejos,SANTA MARIA HUATULCO
SIN,HUATULCO,02HCO-115,Huatulco,SANTA MARIA HUATULCO
SIN,HUATULCO,02PIN-115,Pinotepa Nacional,SANTIAGO PINOTEPA NACIONAL
SIN,HUATULCO,02POC-115,Pochutla,SANTA MARIA TONAMECA
SIN,HUATULCO,02PUE-115,Puerto Escondido,SAN PEDRO MIXTEPEC
SIN,HUATULCO,02RSO-115,Santa Rosa,VILLA DE TUTUTEPEC
SIN,IGUALA,02AXM-115,Apaxtla Maniobras,APAXTLA
SIN,IGUALA,02BAA-115,Balsas,COCULA
SIN,IGUALA,02CRL-115,El Caracol,APAXTLA
SIN,IGUALA,02CRL-230,El Caracol,APAXTLA
SIN,IGUALA,02HEL-115,Helipuerto,IGUALA DE LA INDEPENDENCIA
SIN,IGUALA,02IGU-115,Iguala,IGUALA DE LA INDEPENDENCIA
SIN,IGUALA,02MLU-115,Media Luna,COCULA
SIN,IGUALA,02TCE-115,Tlacotepec,GENERAL HELIODORO CASTILLO
SIN,IGUALA,02TXO-115,Taxco,TAXCO DE ALARCON
SIN,IZUCAR,02ACA-115,Acatlan,ACATLAN
SIN,IZUCAR,02AEN-115,Atencingo,CHIETLA
SIN,IZUCAR,02ATC-115,Atlixco,ATLIXCO
SIN,IZUCAR,02IZD-115,Izucar de Matamoros Dos,IZUCAR DE MATAMOROS
SIN,IZUCAR,02IZM-115,Izucar de Matamoros,IZUCAR DE MATAMOROS
SIN,IZUCAR,02LPA-115,Las Palomas,CHINANTLA
SIN,IZUCAR,02MEC-115,Metepec,ATLIXCO
SIN,LOS RIOS,02CEM-115,Cementos Apasco,MACUSPANA
SIN,LOS RIOS,02CPX-115,Ciudad Pemex,MACUSPANA
SIN,LOS RIOS,02EZA-115,Zapata Poniente,EMILIANO ZAPATA
SIN,LOS RIOS,02LCJ-115,Lacanja,OCOSINGO
SIN,LOS RIOS,02LEP-115,Conalep,MACUSPANA
SIN,LOS RIOS,02LVA-115,La Curva,MACUSPANA
SIN,LOS RIOS,02MCD-115,Macuspana Dos,MACUSPANA
SIN,LOS RIOS,02MCP-115,Macuspana,MACUSPANA
SIN,LOS RIOS,02PLQ-115,Palenque,PALENQUE
SIN,LOS RIOS,02TNQ-115,Tenosique,TENOSIQUE
SIN,LOS RIOS,02ZOP-115,El Zopo,MACUSPANA
SIN,LOS RIOS,02ZPD-115,Zapata Dos,PALENQUE
SIN,LOS TUXTLAS,02ADS-115,Andres Dos San,SAN ANDRES TUXTLA
SIN,LOS TUXTLAS,02CHP-115,Chilapan,SAN ANDRES TUXTLA
SIN,LOS TUXTLAS,02CTO-115,Catemaco,CATEMACO
SIN,LOS TUXTLAS,02HOC-115,Hueyapan de Ocampo,HUEYAPAN DE OCAMPO
SIN,LOS TUXTLAS,02LRD-115,Lerdo,LERDO DE TEJADA
SIN,MORELOS,02CBE-400,Ciclo Combinado Centro,CUAUTLA
SIN,MORELOS,02CIO-85,Centenario,XOCHITEPEC
SIN,MORELOS,02CIV-115,Civac,JIUTEPEC
SIN,MORELOS,02CUM-230,Cementos Moctezuma,EMILIANO ZAPATA
SIN,MORELOS,02JIU-115,Jiutepec,JIUTEPEC
SIN,MORELOS,02JJT-115,Jojutla,JOJUTLA
SIN,MORELOS,02NSN-115,Nissan,CUERNAVACA
SIN,MORELOS,02PTI-85,Puente de Ixtla,MAZATEPEC
SIN,MORELOS,02TEZ-115,Tezoyuca,EMILIANO ZAPATA
SIN,MORELOS,02TJA-115,Tejalpa,JIUTEPEC
SIN,MORELOS,02TLZ-85,Tlaltizapan,JOJUTLA
SIN,MORELOS,02UNL-115,Uniliver,JIUTEPEC
SIN,MORELOS,02XCH-85,Xochicalco,MAZATEPEC
SIN,MORELOS,02YCP-230,Yecapixtla,YECAPIXTLA
SIN,MORELOS,02ZAP-85,Zapata,TEMIXCO
SIN,OAXACA,02EJT-115,Ejutla,HEROICA CIUDAD DE EJUTLA DE CRESPO
SIN,OAXACA,02ETX-115,Etla,REYES ETLA
SIN,OAXACA,02HTP-115,Huixtepec,SAN PABLO HUIXTEPEC
SIN,OAXACA,02IXJ-115,Ixtlan de Juarez,IXTLAN DE JUAREZ
SIN,OAXACA,02JTL-115,San Jacinto Tlacotepec,SAN JACINTO TLACOTEPEC
SIN,OAXACA,02MCN-115,Minera Cuzcatlan,SAN JOSE DEL PROGRESO
SIN,OAXACA,02MHT-115,Miahuatlan,MIAHUATLAN DE PORFIRIO DIAZ
SIN,OAXACA,02MTX-115,Mitla,SAN PABLO VILLA DE MITLA
SIN,OAXACA,02MUD-115,Miahuatlan Dos,MIAHUATLAN DE PORFIRIO DIAZ
SIN,OAXACA,02OAP-115,Oaxaca Poniente,SAN JACINTO AMILPAS
SIN,OAXACA,02OAX-115,Oaxaca,OAXACA DE JUAREZ
SIN,OAXACA,02OXD-115,Oaxaca Dos,SAN AGUSTIN YATARENI
SIN,OAXACA,02RMC-115,Reyes Mantecon,SAN BARTOLO COYOTEPEC
SIN,OAXACA,02SFO-115,San Felipe Oaxaca,SAN ANTONIO DE LA CAL
SIN,OAXACA,02TLE-115,El Tule,SANTA MARIA DEL TULE
SIN,OAXACA,02TLL-115,Tlacolula,TLACOLULA DE MATAMOROS
SIN,ORIZABA,02CMA-115,Cerveceria Moctezuma,ORIZABA
SIN,ORIZABA,02CVE-115,Cementos Veracruz,IXTACZOQUITLAN
SIN,ORIZABA,02ECM-115,Escamela,MARIANO ESCOBEDO
SIN,ORIZABA,02FEM-115,Fermex,IXTACZOQUITLAN
SIN,ORIZABA,02FOR-115,Fortin,FORTIN
SIN,ORIZABA,02KIM-115,Kimberley Clark Ver,IXTACZOQUITLAN
SIN,ORIZABA,02NGL-115,Nogales,NOGALES
SIN,ORIZABA,02OJP-400,Ojo de Agua Potencia,IXTACZOQUITLAN
SIN,ORIZABA,02ORI-115,Orizaba,ORIZABA
SIN,ORIZABA,02PSG-115,Proenermex Santa Gertrudis,IXTACZOQUITLAN
SIN,ORIZABA,02RBO-115,Rio Blanco,RIO BLANCO
SIN,ORIZABA,02SIV-115,Sivesa,ORIZABA
SIN,ORIZABA,02TPG-115,Tuxpango,IXTACZOQUITLAN
SIN,ORIZABA,02ZGL-115,Zongolica,ZONGOLICA
SIN,POZA RICA,02AGF-69,Agua Fria,VENUSTIANO CARRANZA
SIN,POZA RICA,02ARP-69,Aeropuerto,VERACRUZ
SIN,POZA RICA,02BRN-115,Barra Norte,TUXPAN
SIN,POZA RICA,02BVI-115,Buena Vista,TAMPICO ALTO
SIN,POZA RICA,02CDO-115,Cerro Azul Dos,CERRO AZUL
SIN,POZA RICA,02CHI-115,Chicontepec,CHICONTEPEC
SIN,POZA RICA,02CZN-115,Cazones,PAPANTLA
SIN,POZA RICA,02CZT-115,Coatzintla,COATZINTLA
SIN,POZA RICA,02DIN-69,Distrito Industrial,POZA RICA DE HIDALGO
SIN,POZA RICA,02ESF-115,Esfuerzo,TUXPAN
SIN,POZA RICA,02ETD-115,Entabladero,ESPINAL
SIN,POZA RICA,02GZD-115,Gutierrez Zamora Dos,GUTIERREZ ZAMORA
SIN,POZA RICA,02IXH-115,Ixhuatlan de Madero,IXHUATLAN DE MADERO
SIN,POZA RICA,02LBR-115,La Barra,TUXPAN
SIN,POZA RICA,02PMM-115,Palmas,POZA RICA DE HIDALGO
SIN,POZA RICA,02PQS-115,Petroquimica Escolin,POZA RICA DE HIDALGO
SIN,POZA RICA,02PRI-115,Poza Rica,TIHUATLAN
SIN,POZA RICA,02PRI-69,Poza Rica,TIHUATLAN
SIN,POZA RICA,02PRT-69,Poza Rica Tres,POZA RICA DE HIDALGO
SIN,POZA RICA,02TAJ-115,Tajin,PAPANTLA
SIN,POZA RICA,02THD-115,Tihuatlan Dos,ALAMO TEMAPACHE
SIN,POZA RICA,02TPY-115,Tepeyac Veracruz,POZA RICA DE HIDALGO
SIN,POZA RICA,02TTE-400,Tres Estrellas,TUXPAN
SIN,POZA RICA,02TUD-115,Tuxpan Dos,TUXPAN
SIN,POZA RICA,02TUV-400,Tuxpan Vapor,TUXPAN
SIN,PUEBLA,02AGA-115,Agua Santa,PUEBLA
SIN,PUEBLA,02AMZ-115,Amozoc,AMOZOC
SIN,PUEBLA,02AUN-115,Antuñano,PUEBLA
SIN,PUEBLA,02AXT-115,Atlixcayotl,SAN ANDRES CHOLULA
SIN,PUEBLA,02BGS-115,Bugambilias SF6,PUEBLA
SIN,PUEBLA,02BOE-115,Bosques,PUEBLA
SIN,PUEBLA,02CEF-115,Centro de Exposiciones y Convenciones Fuertes,PUEBLA
SIN,PUEBLA,02CIY-115,Cinco de Mayo,PUEBLA
SIN,PUEBLA,02CPO-115,Chapulco,PUEBLA
SIN,PUEBLA,02CYR-400,CYCNA de Oriente,PALMAR DE BRAVO
SIN,PUEBLA,02ECN-115,El Conde,PUEBLA
SIN,PUEBLA,02EXE-115,Excelopolis,PUEBLA
SIN,PUEBLA,02FUE-115,Fuertes,PUEBLA
SIN,PUEBLA,02GAN-115,Guadalupe Analco,PUEBLA
SIN,PUEBLA,02INT-115,Industrial,PUEBLA
SIN,PUEBLA,02LML-115,Almecatla,CUAUTLANCINGO
SIN,PUEBLA,02LRP-115,Sn Lorenzo Potencia,CUAUTLANCINGO
SIN,PUEBLA,02LRZ-115,San Lorenzo,CUAUTLANCINGO
SIN,PUEBLA,02MET-115,Metaloides,PUEBLA
SIN,PUEBLA,02NOR-115,Norte,PUEBLA
SIN,PUEBLA,02ORT-115,Oriente,PUEBLA
SIN,PUEBLA,02PDM-115,Puebla Dos Mil,PUEBLA
SIN,PUEBLA,02PON-115,Poniente,SAN PEDRO CHOLULA
SIN,PUEBLA,02PSF-115,Puebla Uno SF6,PUEBLA
SIN,PUEBLA,02RSN-115,Resurreccion,SAN PABLO DEL MONTE
SIN,PUEBLA,02TCL-115,Tecali,TECALI DE HERRERA
SIN,PUEBLA,02TCL-230,Tecali,TECALI DE HERRERA
SIN,PUEBLA,02TNZ-115,Tonantzintla,SAN ANDRES CHOLULA
SIN,PUEBLA,02TRP-230,Ternium Mexico - Largos Puebla  ,SAN MIGUEL XOXTLA
SIN,PUEBLA,02VSE-115,Valsequillo,PUEBLA
SIN,PUEBLA,02VWG-115,Volkswagen,CUAUTLANCINGO
SIN,SAN CRISTOBAL,02AAA-115,Acala,ACALA
SIN,SAN CRISTOBAL,02CJT-115,Comitan,COMITAN DE DOMINGUEZ
SIN,SAN CRISTOBAL,02CRI-115,Cristobal San,SAN CRISTOBAL DE LAS CASAS
SIN,SAN CRISTOBAL,02FCM-115,Frontera Comalapa,FRONTERA COMALAPA
SIN,SAN CRISTOBAL,02FLM-115,Flores Magon,VENUSTIANO CARRANZA
SIN,SAN CRISTOBAL,02OCO-115,Ocozingo,OCOSINGO
SIN,SAN CRISTOBAL,02OXC-115,Oxchuc,OXCHUC
SIN,SAN CRISTOBAL,02SCH-115,Schpoina,VENUSTIANO CARRANZA
SIN,SAN CRISTOBAL,02SCO-115,San Cristobal Oriente,SAN CRISTOBAL DE LAS CASAS
SIN,SAN CRISTOBAL,02TNI-115,Trinitaria,COMITAN DE DOMINGUEZ
SIN,SAN MARTIN,02AMF-115,Auto Manufacturas,SAN MARTIN TEXMELUCAN
SIN,SAN MARTIN,02CDX-115,Ciudad Textil,HUEJOTZINGO
SIN,SAN MARTIN,02CTX-115,Crisol Textil,HUEJOTZINGO
SIN,SAN MARTIN,02DXM-115,DPA Draexlmaier Partes Automotoras de Mexico,HUEJOTZINGO
SIN,SAN MARTIN,02GDM-115,Global Denim,SAN MARTIN TEXMELUCAN
SIN,SAN MARTIN,02HJO-115,Huejotzingo,HUEJOTZINGO
SIN,SAN MARTIN,02KRU-115,Krupp,ZACATELCO
SIN,SAN MARTIN,02LOA-115,Lamosa,IXTACUIXTLA DE MARIANO MATAMOROS
SIN,SAN MARTIN,02LSL-115,Lapsolite,SAN MARTIN TEXMELUCAN
SIN,SAN MARTIN,02MAR-115,San Martin,TEPETITLA DE LARDIZABAL
SIN,SAN MARTIN,02MOA-115,El Moral,SAN MARTIN TEXMELUCAN
SIN,SAN MARTIN,02PEI-115,Complejo Petroquimico Independencia,SAN MARTIN TEXMELUCAN
SIN,SAN MARTIN,02SMG-115,San Miguel,HUEJOTZINGO
SIN,SAN MARTIN,02TKN-115,Textiles KN de Oriente,SAN MARTIN TEXMELUCAN
SIN,SAN MARTIN,02TTM-115,Industrial Textil de Puebla,TEPETITLA DE LARDIZABAL
SIN,TAPACHULA,02ARR-115,Arriaga,ARRIAGA
SIN,TAPACHULA,02AYA-115,Acacoyaua,ACACOYAGUA
SIN,TAPACHULA,02BDD-115,Belisario Dominguez II,MOTOZINTLA
SIN,TAPACHULA,02BDZ-115,Belisario Dominguez,TAPACHULA
SIN,TAPACHULA,02CCL-69,Cecilio del Valle,TAPACHULA
SIN,TAPACHULA,02CFV-115,CEFERESO Villacomaltitlan,VILLA COMALTITLAN
SIN,TAPACHULA,02CGO-115,Cd Hidalgo Chiapas,SUCHIATE
SIN,TAPACHULA,02HUX-115,Huixtla,HUIXTLA
SIN,TAPACHULA,02MAP-115,Mapastepec,MAPASTEPEC
SIN,TAPACHULA,02MAZ-115,Mazatan,MAZATAN
SIN,TAPACHULA,02MTO-115,Motozintla,MOTOZINTLA
SIN,TAPACHULA,02PJJ-115,Pijijiapam,PIJIJIAPAN
SIN,TAPACHULA,02PTM-115,Puerto Madero,TAPACHULA
SIN,TAPACHULA,02PUC-115,Puerto Chiapas,TAPACHULA
SIN,TAPACHULA,02SWA-115,Switcheo Arriaga,ARRIAGA
SIN,TAPACHULA,02TAE-115,Tapachula Aeropuerto,TAPACHULA
SIN,TAPACHULA,02TCH-115,Tapachula,TAPACHULA
SIN,TAPACHULA,02TNA-115,Tonala,TONALA
SIN,TAPACHULA,02TOE-115,Tapachula Oriente,TAPACHULA
SIN,TECAMACHALCO,02ACZ-115,Acatzingo,ACATZINGO
SIN,TECAMACHALCO,02ERZ-115,Esperanza,PALMAR DE BRAVO
SIN,TECAMACHALCO,02LIB-115,Libres,LIBRES
SIN,TECAMACHALCO,02PLB-115,Palmar de Bravo,PALMAR DE BRAVO
SIN,TECAMACHALCO,02TLD-115,Tecamachalco II,TECAMACHALCO
SIN,TECAMACHALCO,02TML-115,Tecamachalco,TECAMACHALCO
SIN,TECAMACHALCO,02TOC-230,Cementos Tolteca,TECALI DE HERRERA
SIN,TECAMACHALCO,02TPE-115,Tepeaca,TEPEACA
SIN,TECAMACHALCO,02TPI-115,Tepeji,TEPEXI DE RODRIGUEZ
SIN,TECAMACHALCO,02ZTP-115,Zacatepec,ORIENTAL
SIN,TEHUACAN,02CPA-115,Coapan,TEHUACAN
SIN,TEHUACAN,02PEC-115,Proteinas el Calvario,TLAPANALA
SIN,TEHUACAN,02THN-115,Tehuacan,TEHUACAN
SIN,TEHUACAN,02TTP-115,Tlacotepec,TLACOTEPEC DE BENITO JUAREZ
SIN,TEHUACAN,02ZIP-115,Zinacatepec,AJALPAN
SIN,TEHUANTEPEC,02ASI-115,Aquasistemas,SALINA CRUZ
SIN,TEHUANTEPEC,02CCA-115,Cementos Cruz Azul,EL BARRIO DE LA SOLEDAD
SIN,TEHUANTEPEC,02IPO-115,Ixtepec Potencia,CIUDAD IXTEPEC
SIN,TEHUANTEPEC,02IPO-230,Ixtepec Potencia,CIUDAD IXTEPEC
SIN,TEHUANTEPEC,02IXP-115,Ixtepec,CIUDAD IXTEPEC
SIN,TEHUANTEPEC,02JUC-115,Juchitan Uno,HEROICA CIUDAD DE JUCHITAN DE ZARAGOZA
SIN,TEHUANTEPEC,02JUD-115,Juchitan Dos,HEROICA CIUDAD DE JUCHITAN DE ZARAGOZA
SIN,TEHUANTEPEC,02JUD-230,Juchitan Dos,HEROICA CIUDAD DE JUCHITAN DE ZARAGOZA
SIN,TEHUANTEPEC,02LVD-230,La Venta Dos,HEROICA CIUDAD DE JUCHITAN DE ZARAGOZA
SIN,TEHUANTEPEC,02MRO-115,Matias Romero,MATIAS ROMERO AVENDAÑO
SIN,TEHUANTEPEC,02RSC-115,Refineria Salina Cruz,SALINA CRUZ
SIN,TEHUANTEPEC,02SAC-115,Salina Cruz,SALINA CRUZ
SIN,TEHUANTEPEC,02SRB-115,Sarabia,SAN JUAN GUICHICOVI
SIN,TEHUANTEPEC,02STD-115,Santo Domingo,SANTO DOMINGO TEHUANTEPEC
SIN,TEHUANTEPEC,02THT-115,Tehuantepec,SANTO DOMINGO TEHUANTEPEC
SIN,TEHUANTEPEC,02TNL-115,Tecnologico,SALINA CRUZ
SIN,TEHUANTEPEC,02TNP-115,Tapanatepec,SAN PEDRO TAPANATEPEC
SIN,TEHUANTEPEC,02TST-115,Transismica,CIUDAD IXTEPEC
SIN,TEHUANTEPEC,02VMN-230,La Venta Maniobras,SANTO DOMINGO TEHUANTEPEC
SIN,TEHUANTEPEC,02ZNT-115,Zanatepec,SANTO DOMINGO ZANATEPEC
SIN,TEZIUTLAN,02AXO-115,Atexcaco,HUEYAPAN
SIN,TEZIUTLAN,02CYB-230,Cuyoaco Maniobras,CUYOACO
SIN,TEZIUTLAN,02ECT-115,Encanto,TLAPACOYAN
SIN,TEZIUTLAN,02HMS-115,Humeros Los,CHIGNAUTLA
SIN,TEZIUTLAN,02HMT-115,Humeros Tres,CHIGNAUTLA
SIN,TEZIUTLAN,02HYN-115,Hueyapan,TETELES DE AVILA CASTILLO
SIN,TEZIUTLAN,02LGP-115,La Guadalupe,TECOLUTLA
SIN,TEZIUTLAN,02MAU-115,Minera Autlan,TEZIUTLAN
SIN,TEZIUTLAN,02MDD-115,Martinez de la Torre Dos,MARTINEZ DE LA TORRE
SIN,TEZIUTLAN,02MGS-115,Las Margaritas,HUEYTAMALCO
SIN,TEZIUTLAN,02MIS-69,Minas,LAS MINAS
SIN,TEZIUTLAN,02MSD-115,Misantla Dos,MISANTLA
SIN,TEZIUTLAN,02MTT-115,Martines de la Torre Tres,MARTINEZ DE LA TORRE
SIN,TEZIUTLAN,02MZT-230,Mazatepec,TLATLAUQUITEPEC
SIN,TEZIUTLAN,02PEE-115,Perote Dos,PEROTE
SIN,TEZIUTLAN,02RFD-115,San Rafael Dos,SAN RAFAEL
SIN,TEZIUTLAN,02SNS-115,Santa Sofia,TECOLUTLA
SIN,TEZIUTLAN,02TLY-115,Tlapacoyan,TLAPACOYAN
SIN,TEZIUTLAN,02TTG-115,Altotonga Dos,JALACINGO
SIN,TEZIUTLAN,02TZD-115,Teziutlan Dos,TEZIUTLAN
SIN,TEZIUTLAN,02TZT-115,Teziutlan,TEZIUTLAN
SIN,TEZIUTLAN,02VDA-115,Vega de Alatorre,VEGA DE ALATORRE
SIN,TEZIUTLAN,02VGS-115,Las Vigas Dos,LAS VIGAS DE RAMIREZ
SIN,TEZIUTLAN,02ZXP-115,Zacapoaxtla,ZACAPOAXTLA
SIN,TLAXCALA,02ACU-115,Acuitlapilco,TEPEYANCO
SIN,TLAXCALA,02ANC-115,Ana Chiautempan Santa,CHIAUTEMPAN
SIN,TLAXCALA,02API-115,Apizaco Dos,APIZACO
SIN,TLAXCALA,02ATZ-115,Atlihuetzia,AMAXAC DE GUERRERO
SIN,TLAXCALA,02AZM-230,Altzayanca Maniobras,ATLTZAYANCA
SIN,TLAXCALA,02AZY-115,Altzayanca,ATLTZAYANCA
SIN,TLAXCALA,02CBM-115,Cebadas y Maltas,CALPULALPAN
SIN,TLAXCALA,02CHH-115,Chignahuapan,CHIGNAHUAPAN
SIN,TLAXCALA,02CNU-115,Contla,PAPALOTLA DE XICOHTENCATL
SIN,TLAXCALA,02CPL-115,Calpulalpan,CALPULALPAN
SIN,TLAXCALA,02CTM-115,Cuauhtemoc,HUAMANTLA
SIN,TLAXCALA,02FJM-115,Forjamex,XALOZTOC
SIN,TLAXCALA,02GRE-115,Gresaise,LA MAGDALENA TLALTELULCO
SIN,TLAXCALA,02HUA-115,Huamantla,HUAMANTLA
SIN,TLAXCALA,02IGP-115,Igsapak Cogeneracion S.A.P.I de C.V.,EMILIANO ZAPATA
SIN,TLAXCALA,02KIA-115,Kimberly Clark Ampliacion ,TETLA DE LA SOLIDARIDAD
SIN,TLAXCALA,02KIC-115,Kimberley Clark Pue,TETLA DE LA SOLIDARIDAD
SIN,TLAXCALA,02MDB-230,Magdalena Dos Maniobras,TLAXCO
SIN,TLAXCALA,02MLC-230,Malinche,TZOMPANTEPEC
SIN,TLAXCALA,02NXM-230,Nueva Xcala Maniobras,CALPULALPAN
SIN,TLAXCALA,02OWC-115,Owens Corning Violet Mexico,TETLA DE LA SOLIDARIDAD
SIN,TLAXCALA,02PGC-115,Procter & Gamble Manufacturas,YAUHQUEMEHCAN
SIN,TLAXCALA,02PLS-115,Polidesa,TZOMPANTEPEC
SIN,TLAXCALA,02PNA-115,Panotla,PANOTLA
SIN,TLAXCALA,02POR-115,Porcel,PAPALOTLA DE XICOHTENCATL
SIN,TLAXCALA,02PPL-115,Papalotla,PAPALOTLA DE XICOHTENCATL
SIN,TLAXCALA,02SIA-115,Sintesis Organicas Tlaxcala,TZOMPANTEPEC
SIN,TLAXCALA,02STN-115,Santa Anita,SANTA CRUZ TLAXCALA
SIN,TLAXCALA,02TLM-115,Telmac,TETLA DE LA SOLIDARIDAD
SIN,TLAXCALA,02XIT-115,Xicotencatl,TETLA DE LA SOLIDARIDAD
SIN,TLAXCALA,02ZOC-230,Zocac,XALOZTOC
SIN,TUXTLA,02ANG-115,Angostura,VENUSTIANO CARRANZA
SIN,TUXTLA,02ANG-400,Angostura,VENUSTIANO CARRANZA
SIN,TUXTLA,02BCH-115,Bochil,BOCHIL
SIN,TUXTLA,02CIT-115,Cintalapa Dos,JIQUIPILAS
SIN,TUXTLA,02GIA-115,Grijalva,CHIAPA DE CORZO
SIN,TUXTLA,02IPD-115,Independencia,LA CONCORDIA
SIN,TUXTLA,02JUY-115,Juy Juy,CHIAPA DE CORZO
SIN,TUXTLA,02LGZ-115,La Garza,VILLAFLORES
SIN,TUXTLA,02LMX-115,Liberacion Mexicana,JIQUIPILAS
SIN,TUXTLA,02MAA-115,Mactumatza,TUXTLA GUTIERREZ
SIN,TUXTLA,02MMT-115,Manuel Moreno Torres,OSUMACINTA
SIN,TUXTLA,02MMT-400,Manuel Moreno Torres,OSUMACINTA
SIN,TUXTLA,02MPE-115,Malpaso Tres,TECPATAN
SIN,TUXTLA,02OCZ-115,Ocozocuautla,OCOZOCOAUTLA DE ESPINOSA
SIN,TUXTLA,02RDB-115,Real del Bosque,TUXTLA GUTIERREZ
SIN,TUXTLA,02SMJ-115,Simojovel,SIMOJOVEL
SIN,TUXTLA,02SOY-115,Soyalo,SOYALO
SIN,TUXTLA,02TGD-115,Tuxtla Gutierrez Dos,TUXTLA GUTIERREZ
SIN,TUXTLA,02TGU-115,Tuxtla Gutierrez,TUXTLA GUTIERREZ
SIN,TUXTLA,02TXN-115,Tuxtla Norte,TUXTLA GUTIERREZ
SIN,TUXTLA,02TXS-115,Tuxtla Sur,TUXTLA GUTIERREZ
SIN,TUXTLA,02VFD-115,Villa Flores Dos,VILLA CORZO
SIN,VERACRUZ,02ABL-115,AB Calsa,CUITLAHUAC
SIN,VERACRUZ,02AMN-115,Aluminio,VERACRUZ
SIN,VERACRUZ,02ARU-115,Aeropuerto,VERACRUZ
SIN,VERACRUZ,02AVD-115,Alvarado Dos,ALVARADO
SIN,VERACRUZ,02BDR-115,Boca del Rio,BOCA DEL RIO
SIN,VERACRUZ,02BJU-115,Benito Juárez,SAN JUAN BAUTISTA TUXTEPEC
SIN,VERACRUZ,02BPP-115,Bio Pappel Printing,TRES VALLES
SIN,VERACRUZ,02BRS-115,Las Brisas,VERACRUZ
SIN,VERACRUZ,02CAC-115,Carlos A. Carrillo,CARLOS A. CARRILLO
SIN,VERACRUZ,02CAE-115,Cardel,PUENTE NACIONAL
SIN,VERACRUZ,02CSL-115,Cosolapa,COSOLAPA
SIN,VERACRUZ,02CVT-115,Cerveceria del Tropico,SAN JUAN BAUTISTA TUXTEPEC
SIN,VERACRUZ,02DBC-115,Dos Bocas Ciclo Combinado,MEDELLIN DE BRAVO
SIN,VERACRUZ,02DBC-230,Dos Bocas Ciclo Combinado,MEDELLIN DE BRAVO
SIN,VERACRUZ,02EDO-115,Cerro de Oro,SAN MIGUEL SOYALTEPEC
SIN,VERACRUZ,02FRY-115,Franboyanes,VERACRUZ
SIN,VERACRUZ,02GBA-115,Gabino Barreda,COSAMALOAPAN DE CARPIO
SIN,VERACRUZ,02GLM-115,La Gloria Maniobras,URSULO GALVAN
SIN,VERACRUZ,02GRA-115,Gran Prideco,VERACRUZ
SIN,VERACRUZ,02GRT-115,La Granja Tres,TRES VALLES
SIN,VERACRUZ,02IFN-115,Infonavit,VERACRUZ
SIN,VERACRUZ,02ISL-115,Isla,ISLA
SIN,VERACRUZ,02JBL-115,J. B. Lobos,VERACRUZ
SIN,VERACRUZ,02JDD-230,Xalapa de Diaz,SAN FELIPE JALAPA DE DIAZ
SIN,VERACRUZ,02JIC-115,El Jicaro,TIERRA BLANCA
SIN,VERACRUZ,02LAV-400,Laguna Verde,ALTO LUCERO DE GUTIERREZ BARRIOS
SIN,VERACRUZ,02LBD-115,Loma Bonita Dos,LOMA BONITA
SIN,VERACRUZ,02MCB-115,Mocambo,BOCA DEL RIO
SIN,VERACRUZ,02MDG-115,Mandinga,ALVARADO
SIN,VERACRUZ,02MPH-115,Matapionche,COTAXTLA
SIN,VERACRUZ,02PAG-115,Pages,VERACRUZ
SIN,VERACRUZ,02PDT-115,Paso del Toro,MEDELLIN DE BRAVO
SIN,VERACRUZ,02PLI-115,Punta Limon,ALTO LUCERO DE GUTIERREZ BARRIOS
SIN,VERACRUZ,02PNS-115,Piedras Negras,TLALIXCOYAN
SIN,VERACRUZ,02PTU-230,Papelera Tuxtepec,SAN JUAN BAUTISTA TUXTEPEC
SIN,VERACRUZ,02PVC-115,Playa Vicente,PLAYA VICENTE
SIN,VERACRUZ,02PYN-115,Playa Norte,VERACRUZ
SIN,VERACRUZ,02RDC-115,Rodriguez Clara,JUAN RODRIGUEZ CLARA
SIN,VERACRUZ,02RME-115,Rio Medio,VERACRUZ
SIN,VERACRUZ,02SCF-115,Sacrificios,BOCA DEL RIO
SIN,VERACRUZ,02SNF-115,Santa Fe,PASO DE OVEJAS
SIN,VERACRUZ,02SNL-115,San Luis,COTAXTLA
SIN,VERACRUZ,02SOD-115,Soledad de Doblado,SOLEDAD DE DOBLADO
SIN,VERACRUZ,02TBL-115,Tierra Blanca,TIERRA BLANCA
SIN,VERACRUZ,02TDD-115,Tamarindo Dos,PUENTE NACIONAL
SIN,VERACRUZ,02TJR-115,El Tejar,MEDELLIN DE BRAVO
SIN,VERACRUZ,02TMU-115,Temascal Uno,SAN MIGUEL SOYALTEPEC
SIN,VERACRUZ,02TMU-230,Temascal Uno,SAN MIGUEL SOYALTEPEC
SIN,VERACRUZ,02TNJ-115,La Tinaja,COTAXTLA
SIN,VERACRUZ,02TPS-115,Tuxtepec Tres,SAN JUAN BAUTISTA TUXTEPEC
SIN,VERACRUZ,02TSD-230,Tamsa Dos,VERACRUZ
SIN,VERACRUZ,02TTA-115,Tlacotalpan,TLACOTALPAN
SIN,VERACRUZ,02TVS-115,Tres Valles,TRES VALLES
SIN,VERACRUZ,02TXD-115,Tuxtepec Dos,SAN JUAN BAUTISTA TUXTEPEC
SIN,VERACRUZ,02VAN-115,Valle Nacional,SAN JUAN BAUTISTA VALLE NACIONAL
SIN,VERACRUZ,02VRU-115,Veracruz Uno,VERACRUZ
SIN,VERACRUZ,02VTB-115,Vidriera de Tierra Blanca,TIERRA BLANCA
SIN,VILLAHERMOSA,02CAX-115,Cactus Pemex,REFORMA
SIN,VILLAHERMOSA,02CIH-115,Cd Industrial Villahermosa,CENTRO
SIN,VILLAHERMOSA,02CNX-115,Cogeneracion Nuevo Pemex,CENTRO
SIN,VILLAHERMOSA,02CSX-115,Cactus Switcheo,CENTRO
SIN,VILLAHERMOSA,02FRT-115,Frontera,CENTLA
SIN,VILLAHERMOSA,02LCH-115,La Choca,CENTRO
SIN,VILLAHERMOSA,02LHA-115,Las Haciendas,CENTRO
SIN,VILLAHERMOSA,02MCL-115,Macultepec,CENTRO
SIN,VILLAHERMOSA,02NPX-115,Nuevo Pemex,CENTRO
SIN,VILLAHERMOSA,02PCO-115,Pichucalco,PICHUCALCO
SIN,VILLAHERMOSA,02PLL-115,Parrilla,CENTRO
SIN,VILLAHERMOSA,02PMC-115,Pomoca,NACAJUCA
SIN,VILLAHERMOSA,02RFA-115,La Reforma,REFORMA
SIN,VILLAHERMOSA,02SMI-115,Samaria,CUNDUACAN
SIN,VILLAHERMOSA,02SYA-115,Saloya,NACAJUCA
SIN,VILLAHERMOSA,02TAT-115,Tamulte,CENTRO
SIN,VILLAHERMOSA,02TBQ-115,Tabasquillo,CENTLA
SIN,VILLAHERMOSA,02TCT-115,Tacotalpa,TACOTALPA
SIN,VILLAHERMOSA,02TPJ-115,Tapijulapa,TACOTALPA
SIN,VILLAHERMOSA,02TTB-115,Teapa Tabasco,TEAPA
SIN,VILLAHERMOSA,02VHC-115,Villahermosa Centro,CENTRO
SIN,VILLAHERMOSA,02VID-115,Villahermosa Dos,CENTRO
SIN,VILLAHERMOSA,02VIP-115,Villahermosa poniente,CENTRO
SIN,VILLAHERMOSA,02VIU-115,Villahermosa Uno,CENTRO
SIN,XALAPA,02ACJ-115,Acajete,ACAJETE
SIN,XALAPA,02AOC-115,Actopan,ACTOPAN
SIN,XALAPA,02CEO-115,El Cerro,XALAPA
SIN,XALAPA,02CMT-115,Cementos Moctezuma,APAZAPAN
SIN,XALAPA,02COP-115,Coatepec,COATEPEC
SIN,XALAPA,02ELC-115,El Castillo,XALAPA
SIN,XALAPA,02JLD-115,Jalapa Dos,XALAPA
SIN,XALAPA,02NAO-115,Naolinco,NAOLINCO
SIN,XALAPA,02RNA-115,La Reina,XALAPA
SIN,XALAPA,02TRN-115,Las Trancas,XALAPA
SIN,ZIHUATANEJO,02CYC-115,Coyuca,COYUCA DE BENITEZ
SIN,ZIHUATANEJO,02JRN-115,San Jeronimo,BENITO JUAREZ
SIN,ZIHUATANEJO,02PPN-115,Papanoa,TECPAN DE GALEANA
SIN,ZIHUATANEJO,02PTT-115,Petatlan,PETATLAN
SIN,ZIHUATANEJO,02PUI-115,Punta Ixtapa Gro,ZIHUATANEJO DE AZUETA
SIN,ZIHUATANEJO,02SLS-115,San Luis San Pedro,TECPAN DE GALEANA
SIN,ZIHUATANEJO,02TCA-115,Tecpan,TECPAN DE GALEANA
SIN,ZIHUATANEJO,02UNN-115,La Union,LA UNION DE ISIDORO MONTES DE OCA
SIN,ZIHUATANEJO,02ZHD-115,Zihuatanejo Dos,ZIHUATANEJO DE AZUETA
SIN,ZIHUATANEJO,02ZIH-115,Zihuatanejo,ZIHUATANEJO DE AZUETA
SIN,CAMPECHE,08AKI-115,Akimpech,CAMPECHE
SIN,CAMPECHE,08CAS-115,Candelaria Dos,CANDELARIA
SIN,CAMPECHE,08CBU-115,Chicbul,CARMEN
SIN,CAMPECHE,08CKD-115,Calkini Dos,CALKINI
SIN,CAMPECHE,08CMO-115,Champoton,CHAMPOTON
SIN,CAMPECHE,08CYL-115,Cayal,CAMPECHE
SIN,CAMPECHE,08ESA-115,Escarcega Potencia,ESCARCEGA
SIN,CAMPECHE,08HCE-115,Hecelchacan,HECELCHAKAN
SIN,CAMPECHE,08HOP-115,Hopelchen,HOPELCHEN
SIN,CAMPECHE,08KAH-230,Kinich Ahau,CARMEN
SIN,CAMPECHE,08KAL-115,Kala,CAMPECHE
SIN,CAMPECHE,08LRA-115,Lerma,CAMPECHE
SIN,CAMPECHE,08SAD-115,Samula II,CAMPECHE
SIN,CAMPECHE,08SAM-115,Samula,CAMPECHE
SIN,CAMPECHE,08SBY-115,Sabancuy,CARMEN
SIN,CAMPECHE,08SHC-115,Siho Chac,CHAMPOTON
SIN,CAMPECHE,08SLC-230,Santa Lucia,CARMEN
SIN,CAMPECHE,08XPU-115,Xpugil,CALAKMUL
SIN,CANCUN,08BNI-115,Bonfil,BENITO JUAREZ
SIN,CANCUN,08BNP-115,Bonampak,BENITO JUAREZ
SIN,CANCUN,08CEK-115,Canek,BENITO JUAREZ
SIN,CANCUN,08CNC-115,Cancun,BENITO JUAREZ
SIN,CANCUN,08HAA-115,Chaac,BENITO JUAREZ
SIN,CANCUN,08HBK-115,Hunabku,BENITO JUAREZ
SIN,CANCUN,08IXC-115,Ixchel,BENITO JUAREZ
SIN,CANCUN,08KAB-115,Kabah,BENITO JUAREZ
SIN,CANCUN,08KEK-115,KEKEN,BENITO JUAREZ
SIN,CANCUN,08KHN-115,Kohunlich,BENITO JUAREZ
SIN,CANCUN,08KUK-115,Kukulkan,BENITO JUAREZ
SIN,CANCUN,08MPA-115,Moon Palace,BENITO JUAREZ
SIN,CANCUN,08NCT-115,Nichupte,BENITO JUAREZ
SIN,CANCUN,08NIH-115,Nicte-Ha,BENITO JUAREZ
SIN,CANCUN,08NIZ-115,Nizuc,BENITO JUAREZ
SIN,CANCUN,08PJU-115,Puerto Juarez,BENITO JUAREZ
SIN,CANCUN,08PKP-115,Poktatpok,BENITO JUAREZ
SIN,CANCUN,08PMO-115,Puerto Morelos,PUERTO MORELOS
SIN,CANCUN,08PMU-115,Playa Mujeres,ISLA MUJERES
SIN,CANCUN,08PSA-115,Punta Sam,BENITO JUAREZ
SIN,CANCUN,08PTP-115,Petempich,BENITO JUAREZ
SIN,CANCUN,08YXE-115,Yaxche,BENITO JUAREZ
SIN,CARMEN,08CNR-115,Concordia,CARMEN
SIN,CARMEN,08CRE-115,Cuidad del Carmen,CARMEN
SIN,CARMEN,08LTE-115,Laguna de Terminos,CARMEN
SIN,CARMEN,08PMR-115,Palmar,CARMEN
SIN,CHETUMAL,08CTE-115,Chetumal Norte,OTHON P. BLANCO
SIN,CHETUMAL,08INS-115,Insurgentes,OTHON P. BLANCO
SIN,CHETUMAL,08LAC-115,Lazaro Cardenas,BACALAR
SIN,CHETUMAL,08MHH-115,Mahahual,OTHON P. BLANCO
SIN,CHETUMAL,08PYU-115,Polyuc,FELIPE CARRILLO PUERTO
SIN,CHETUMAL,08XUL-115,Xul-Ha,OTHON P. BLANCO
SIN,MERIDA,08ALO-115,Alom,MERIDA
SIN,MERIDA,08CBR-115,Chuburna,MERIDA
SIN,MERIDA,08CMY-115,Cementos Maya,MERIDA
SIN,MERIDA,08CNO-115,Centro,MERIDA
SIN,MERIDA,08FNC-115,Fotovoltaica Nachi Cocom,MERIDA
SIN,MERIDA,08HER-115,Heroes,MERIDA
SIN,MERIDA,08HNC-115,Hunucma,HUNUCMA
SIN,MERIDA,08HOL-115,Cholul,MERIDA
SIN,MERIDA,08IGN-115,San Ignacio,PROGRESO
SIN,MERIDA,08IZE-115,Itzaes,MERIDA
SIN,MERIDA,08IZI-115,Itzimna,MERIDA
SIN,MERIDA,08LEE-115,Lee,ACANCEH
SIN,MERIDA,08MDA-115,Merida Dos,MERIDA
SIN,MERIDA,08MDN-115,Merida Oriente,KANASIN
SIN,MERIDA,08MDP-230,Merida Potencia,MERIDA
SIN,MERIDA,08MEP-115,Maniobras Eolico Pogreso,PROGRESO
SIN,MERIDA,08MTO-115,Metropolitana,MERIDA
SIN,MERIDA,08NCM-115,Nachi-Cocom,MERIDA
SIN,MERIDA,08NTE-115,Norte,MERIDA
SIN,MERIDA,08PPO-115,Puerto Progreso,PROGRESO
SIN,MERIDA,08PTE-115,Poniente,MERIDA
SIN,MERIDA,08SUR-115,Sur,MERIDA
SIN,MERIDA,08UCU-115,UCU,UCU
SIN,MERIDA,08UMA-115,Uman,UMAN
SIN,MOTUL TIZIMIN,08CEX-115,Chemax,CHEMAX
SIN,MOTUL TIZIMIN,08DZI-115,Dzitas,DZITAS
SIN,MOTUL TIZIMIN,08IZL-115,Izamal,IZAMAL
SIN,MOTUL TIZIMIN,08KIM-115,Kimbala,IZAMAL
SIN,MOTUL TIZIMIN,08KOP-115,Kopte,MOTUL
SIN,MOTUL TIZIMIN,08PPH-115,Popolnah,TIZIMIN
SIN,MOTUL TIZIMIN,08RMV-400,Riviera Maya-Valladolid,VALLADOLID
SIN,MOTUL TIZIMIN,08SAE-115,San Pedro,TIXCACALCUPUL
SIN,MOTUL TIZIMIN,08SDM-115,Santo Domingo,BUCTZOTZ
SIN,MOTUL TIZIMIN,08SUC-115,Sucila,SUCILA
SIN,MOTUL TIZIMIN,08TXS-115,Temax Dos,TEMAX
SIN,MOTUL TIZIMIN,08TZM-115,Tizimin,TIZIMIN
SIN,MOTUL TIZIMIN,08VAD-115,Valladolid Potencia,VALLADOLID
SIN,MOTUL TIZIMIN,08VAD-230,Valladolid Potencia,VALLADOLID
SIN,MOTUL TIZIMIN,08VDD-115,Valladolid,VALLADOLID
SIN,RIVIERA MAYA,08AKD-115,Akumal Dos,TULUM
SIN,RIVIERA MAYA,08AKL-115,Akbal,FELIPE CARRILLO PUERTO
SIN,RIVIERA MAYA,08AUC-115,Ak Tunchen,SOLIDARIDAD
SIN,RIVIERA MAYA,08AVP-115,Aventura Palace,SOLIDARIDAD
SIN,RIVIERA MAYA,08CHB-34.5,Chankanaab,COZUMEL
SIN,RIVIERA MAYA,08CHS-34.5,Chancanab II,COZUMEL
SIN,RIVIERA MAYA,08CLC-115,Calica,SOLIDARIDAD
SIN,RIVIERA MAYA,08COZ-34.5,Cozumel,COZUMEL
SIN,RIVIERA MAYA,08IBR-115,Iberostar,SOLIDARIDAD
SIN,RIVIERA MAYA,08MYK-115,Mayakoba,SOLIDARIDAD
SIN,RIVIERA MAYA,08PCN-115,Playa del Carmen,SOLIDARIDAD
SIN,RIVIERA MAYA,08PLY-115,Playacar,SOLIDARIDAD
SIN,RIVIERA MAYA,08TUM-115,Tulum,TULUM
SIN,RIVIERA MAYA,08XLC-115,Xcalacoco,SOLIDARIDAD
SIN,RIVIERA MAYA,08ZNE-115,Zac Nicte,SOLIDARIDAD
SIN,TICUL,08KBL-115,Kambul,MOTUL
SIN,TICUL,08MAX-115,Maxcanu,MAXCANU
SIN,TICUL,08TIU-115,Ticul,TICUL
SIN,TICUL,08TKD-115,Tekax Dos,TEKAX
SIN,TICUL,08TXM-115,Tixmehuac,TIXMEHUAC
